dpto_merger_str,circuito,PROV_REF_ID,ELECTORES,VOTANTES,CAMBIEMOS,UNIDAD CIUDADANA,1PAIS,FRENTE DE IZQUIERDA Y DE LOS TRABAJADORES,FRENTE JUSTICIALISTA,VOTOS BLANCOS
lomas de zamora,0583,2,206753.0,146146.0,30975.0,79523.0,11433.0,6156.0,6951.0,5049.0
merlo,0652A,2,139025.0,106765.0,26215.0,54533.0,11849.0,5980.0,5662.0,3203.0
general pueyrredon,0364,2,135506.0,97139.0,42261.0,29383.0,10738.0,5178.0,4541.0,3834.0
general pueyrredon,0365,2,119503.0,85772.0,36660.0,27866.0,9344.0,4782.0,4321.0,3565.0
florencio varela,0302,2,117519.0,85593.0,27853.0,35716.0,7384.0,4622.0,4363.0,2818.0
la matanza,0635B,2,103042.0,84504.0,18178.0,47768.0,7049.0,4441.0,4455.0,2198.0
la matanza,0635,2,115904.0,81018.0,14361.0,44653.0,6002.0,3688.0,3925.0,2065.0
moron,0665,2,104918.0,79238.0,32114.0,27820.0,8676.0,5230.0,3811.0,1437.0
tandil,0933,2,104120.0,79939.0,41196.0,19975.0,8768.0,2847.0,2742.0,3512.0
la matanza,0635A,2,104593.0,75685.0,14856.0,42574.0,5439.0,3318.0,3695.0,1887.0
almirante brown,0019,2,96646.0,70248.0,21358.0,30495.0,7201.0,4533.0,4232.0,1974.0
lomas de zamora,0587,2,94739.0,71073.0,24905.0,29402.0,6467.0,3853.0,3182.0,1589.0
general pueyrredon,0366,2,88460.0,61737.0,41105.0,10420.0,4466.0,3223.0,1873.0,1123.0
moreno,0663C,2,83961.0,63884.0,15742.0,30870.0,7521.0,3267.0,3913.0,3065.0
tres de febrero,0391,2,82800.0,61354.0,28111.0,17845.0,7051.0,3963.0,3166.0,1209.0
jose c. paz,0398,2,83817.0,58784.0,18518.0,24657.0,5834.0,3207.0,2612.0,1976.0
jose c. paz,0398A,2,75172.0,58686.0,12622.0,32872.0,5223.0,2583.0,2549.0,2587.0
pilar,0768,2,77402.0,57569.0,24321.0,17791.0,5424.0,2524.0,2317.0,2308.0
general rodriguez,0374,2,75289.0,57042.0,20489.0,21088.0,6300.0,2251.0,2628.0,2609.0
malvinas argentinas,0399,2,71034.0,56275.0,14044.0,26540.0,6160.0,3052.0,2154.0,2417.0
junin,0444,2,71830.0,53840.0,27891.0,14626.0,5973.0,1977.0,2377.0,2144.0
general san martin,0388,2,69702.0,53893.0,17714.0,22077.0,6394.0,2883.0,4012.0,1568.0
general pueyrredon,0367,2,72537.0,52505.0,31336.0,10233.0,4469.0,3350.0,1864.0,1178.0
avellaneda,0040,2,70575.0,53401.0,22551.0,19010.0,5297.0,3254.0,2142.0,1032.0
pilar,0771,2,69503.0,53603.0,22005.0,19683.0,5564.0,2434.0,2259.0,1953.0
san isidro,0892,2,70061.0,52008.0,24161.0,14982.0,5211.0,2789.0,2080.0,1598.0
merlo,0653,2,68012.0,51371.0,11666.0,26636.0,5312.0,2746.0,2648.0,1555.0
lujan,0596,2,67007.0,51305.0,26156.0,13002.0,5288.0,2138.0,2632.0,2360.0
tigre,0530,2,66492.0,50426.0,18967.0,12303.0,11503.0,2457.0,1699.0,1526.0
merlo,0652,2,67675.0,48175.0,17641.0,17013.0,5471.0,3012.0,2400.0,978.0
la matanza,0626,2,71814.0,45892.0,20318.0,12860.0,4736.0,2808.0,1899.0,710.0
escobar,0773A,2,62928.0,46934.0,15295.0,19447.0,5826.0,2331.0,1855.0,2480.0
la matanza,0633,2,69041.0,45019.0,17041.0,15243.0,4898.0,2700.0,1966.0,848.0
jose c. paz,0398B,2,60317.0,47310.0,14124.0,21619.0,4804.0,2779.0,2093.0,1876.0
necochea,0686,2,62790.0,46108.0,26160.0,9212.0,5362.0,1646.0,1186.0,2316.0
lanus,0262,2,59378.0,46034.0,13125.0,23006.0,4204.0,2259.0,2195.0,1278.0
la matanza,0629A,2,61788.0,46007.0,10530.0,22345.0,3974.0,2417.0,2435.0,1156.0
general pueyrredon,0366A,2,60908.0,44456.0,23451.0,10346.0,4248.0,2940.0,1829.0,1123.0
ituzaingo,0667,2,58946.0,45085.0,20276.0,12727.0,4694.0,2838.0,1817.0,1218.0
ituzaingo,0666,2,55844.0,45459.0,16663.0,17360.0,5252.0,2427.0,2101.0,1499.0
lanus,0273,2,57619.0,44636.0,14672.0,20363.0,4033.0,2240.0,1996.0,1041.0
hurlingham,0668,2,60032.0,44107.0,19651.0,12890.0,4124.0,2820.0,1873.0,688.0
tigre,0534A,2,57983.0,44961.0,15436.0,12203.0,10499.0,2406.0,1357.0,1151.0
tigre,0535A,2,55862.0,44623.0,12555.0,14638.0,11254.0,2825.0,1645.0,1612.0
almirante brown,0021,2,54779.0,44235.0,13748.0,18628.0,5003.0,2859.0,2290.0,1339.0
general san martin,0377A,2,59951.0,41361.0,14635.0,15625.0,4709.0,2232.0,2730.0,1120.0
malvinas argentinas,0399F,2,53827.0,43577.0,17031.0,15817.0,4825.0,2739.0,1534.0,1461.0
avellaneda,0039,2,55825.0,42718.0,13756.0,19754.0,3718.0,2052.0,1511.0,854.0
chivilcoy,0211,2,53821.0,43075.0,14313.0,7855.0,4275.0,968.0,13550.0,2292.0
moreno,0663B,2,53572.0,42568.0,11214.0,19943.0,5134.0,2157.0,2863.0,1964.0
hurlingham,0668B,2,53128.0,42030.0,15510.0,16401.0,4854.0,2611.0,2178.0,941.0
tres de febrero,0394,2,51938.0,42058.0,16552.0,15313.0,4416.0,2342.0,2447.0,924.0
merlo,0655,2,53184.0,41088.0,16314.0,14655.0,4834.0,2995.0,1906.0,844.0
tres de febrero,0393,2,57622.0,39262.0,15153.0,14061.0,4216.0,2258.0,1795.0,869.0
almirante brown,0018A,2,52010.0,41241.0,9918.0,22215.0,3982.0,2023.0,2411.0,1243.0
la matanza,0635C,2,51734.0,40621.0,7578.0,26296.0,2989.0,1844.0,2062.0,1176.0
quilmes,0788A,2,53484.0,39751.0,11443.0,20067.0,3402.0,2201.0,2317.0,1382.0
escobar,0774,2,54607.0,40004.0,17855.0,11514.0,4045.0,1778.0,1517.0,2214.0
san miguel,0397,2,54508.0,39869.0,19875.0,10415.0,3707.0,2578.0,1610.0,791.0
almirante brown,0022A,2,53036.0,39953.0,12018.0,18066.0,4030.0,2356.0,2661.0,1162.0
general pueyrredon,0370,2,58193.0,37265.0,12635.0,15179.0,3729.0,1716.0,1888.0,1914.0
san isidro,0891,2,52951.0,40454.0,26273.0,5476.0,3117.0,2292.0,1191.0,747.0
la matanza,0628,2,50543.0,40968.0,23364.0,8782.0,3768.0,2982.0,1600.0,484.0
merlo,0655A,2,54370.0,38739.0,8754.0,20953.0,3916.0,1938.0,1965.0,1386.0
moreno,0663A,2,50816.0,39656.0,13664.0,14775.0,4535.0,2453.0,2298.0,1063.0
azul,0060,2,49881.0,37196.0,18614.0,9792.0,3982.0,1456.0,1439.0,2213.0
la plata,0501,2,49275.0,36919.0,19215.0,8354.0,3236.0,2416.0,1849.0,995.0
ezeiza,0289,2,47543.0,36833.0,14087.0,12727.0,4012.0,2095.0,1831.0,1233.0
tres de febrero,0395,2,49502.0,35355.0,15196.0,11294.0,3847.0,1804.0,1848.0,871.0
vicente lopez,1000,2,49753.0,35472.0,18552.0,7623.0,3785.0,2449.0,1360.0,416.0
general san martin,0381,2,46762.0,35219.0,12978.0,13164.0,3964.0,2056.0,2355.0,940.0
moron,0671,2,46952.0,34875.0,16537.0,10413.0,3706.0,2118.0,1581.0,581.0
tigre,0535,2,44297.0,35763.0,13694.0,9917.0,7309.0,2093.0,1183.0,1158.0
florencio varela,0302E,2,46766.0,34236.0,8820.0,16504.0,3360.0,1609.0,1947.0,2128.0
moreno,0663,2,49777.0,33408.0,13867.0,9749.0,3707.0,2002.0,1785.0,821.0
lanus,0274,2,44060.0,34759.0,14286.0,12844.0,3710.0,2017.0,1542.0,732.0
lomas de zamora,0590A,2,44633.0,34569.0,10920.0,15371.0,3511.0,2157.0,1904.0,831.0
la matanza,0631A,2,47031.0,34268.0,8666.0,16864.0,2721.0,1539.0,1638.0,830.0
vicente lopez,1001,2,44557.0,34456.0,21503.0,5921.0,2631.0,2187.0,1093.0,425.0
quilmes,0785B,2,44674.0,33395.0,14129.0,12477.0,3151.0,1968.0,1512.0,712.0
la plata,0502,2,44650.0,33840.0,16154.0,9496.0,2870.0,2058.0,1810.0,917.0
pilar,0770,2,46368.0,33584.0,10413.0,13071.0,3387.0,1401.0,1529.0,1613.0
tres arroyos,0964,2,44534.0,32527.0,14463.0,8556.0,5531.0,1236.0,851.0,2448.0
marcos paz,0624,2,43445.0,32613.0,10252.0,13636.0,3912.0,1448.0,2295.0,1394.0
moron,0673,2,43604.0,33081.0,13309.0,11227.0,3387.0,2087.0,1499.0,590.0
la matanza,0635E,2,41186.0,32697.0,5160.0,21139.0,2493.0,1258.0,1660.0,1129.0
berazategui,0789,2,45874.0,30335.0,8670.0,13772.0,3138.0,1688.0,1352.0,1266.0
la matanza,0635D,2,44796.0,31664.0,5159.0,18250.0,2162.0,1194.0,1619.0,1014.0
comuna 08,0089,1,47042.0,30148.0,14847.0,10935.0,,2084.0,,350.0
hurlingham,0668A,2,39819.0,31826.0,10015.0,14427.0,3253.0,1768.0,1735.0,895.0
comuna 08,0090,1,45901.0,30767.0,13760.0,10941.0,,1916.0,,328.0
san pedro,0913,2,40385.0,30755.0,17928.0,7005.0,2706.0,950.0,1157.0,2052.0
quilmes,0785,2,40952.0,30773.0,15833.0,7815.0,2687.0,2083.0,1185.0,476.0
la matanza,0626A,2,38942.0,31508.0,11417.0,12137.0,3424.0,2125.0,1599.0,488.0
florencio varela,0302A,2,39934.0,29647.0,6124.0,15972.0,2281.0,1213.0,2195.0,1738.0
la matanza,0629B,2,37316.0,30668.0,6697.0,16931.0,2628.0,1634.0,1620.0,877.0
lanus,0260,2,44068.0,27595.0,12578.0,7773.0,2925.0,1716.0,985.0,359.0
tigre,0536,2,38631.0,30266.0,8711.0,9372.0,7104.0,1536.0,1139.0,1193.0
san isidro,0893,2,39408.0,29264.0,16718.0,6281.0,2382.0,1204.0,831.0,896.0
chacabuco,0189,2,37375.0,29892.0,14121.0,9223.0,2338.0,961.0,1605.0,1160.0
avellaneda,0038,2,37898.0,29617.0,11901.0,11027.0,2713.0,1772.0,1042.0,504.0
almirante brown,0022,2,40771.0,27904.0,8197.0,11799.0,3035.0,1790.0,1534.0,961.0
la matanza,0631D,2,36937.0,29457.0,8293.0,14508.0,2941.0,1615.0,1483.0,694.0
lomas de zamora,0590,2,37796.0,28580.0,14159.0,7913.0,2908.0,2272.0,1297.0,389.0
moron,0669,2,37313.0,29226.0,15943.0,6558.0,2579.0,2078.0,1166.0,313.0
balcarce,0098,2,36937.0,28885.0,15899.0,5399.0,2559.0,684.0,2747.0,1568.0
bahia blanca,0076,2,36828.0,28346.0,13287.0,6679.0,2807.0,1718.0,2697.0,1289.0
malvinas argentinas,0399A,2,35958.0,29068.0,7980.0,13498.0,3186.0,1556.0,1012.0,1178.0
san nicolas,0901,2,36916.0,27790.0,15655.0,6277.0,2959.0,1176.0,1140.0,1158.0
la matanza,0630,2,35581.0,28619.0,14189.0,7442.0,3226.0,2085.0,1108.0,355.0
vicente lopez,0999,2,36781.0,28321.0,13387.0,7559.0,2903.0,1785.0,1214.0,461.0
san miguel,0397B,2,35048.0,28583.0,8110.0,13752.0,2413.0,1409.0,1251.0,1319.0
moron,0672,2,34767.0,28130.0,15254.0,6908.0,2812.0,1828.0,1076.0,321.0
san isidro,0892A,2,34715.0,28056.0,15077.0,6446.0,3018.0,1734.0,1156.0,629.0
general san martin,0377,2,35973.0,26406.0,13161.0,7639.0,3401.0,1539.0,1586.0,440.0
lanus,0261,2,34991.0,25958.0,10416.0,9731.0,2849.0,1721.0,1105.0,646.0
san miguel,0401A,2,33770.0,26719.0,15408.0,5995.0,2260.0,1423.0,913.0,552.0
la plata,0504,2,33056.0,26692.0,13317.0,6961.0,2008.0,1802.0,1597.0,698.0
almirante brown,0020,2,33819.0,26356.0,10357.0,8865.0,2738.0,1680.0,1364.0,583.0
san miguel,0397C,2,32421.0,25613.0,8189.0,11855.0,2253.0,1256.0,1204.0,1234.0
la matanza,0629,2,33344.0,25504.0,6810.0,12359.0,2350.0,1471.0,1297.0,582.0
nueve de julio,0696,2,32570.0,25394.0,14319.0,5656.0,2716.0,714.0,993.0,958.0
tigre,0534,2,34480.0,25231.0,10660.0,5701.0,4325.0,1028.0,755.0,744.0
ensenada,0491,2,31771.0,25491.0,8420.0,11360.0,2212.0,1594.0,923.0,938.0
quilmes,0788,2,33191.0,24429.0,5726.0,14103.0,1969.0,1145.0,1240.0,711.0
esteban echeverria,0288,2,36571.0,23899.0,11240.0,5767.0,2127.0,1437.0,873.0,454.0
florencio varela,0302C,2,31754.0,24885.0,7531.0,11621.0,2280.0,1483.0,1443.0,1044.0
almirante brown,0018,2,31342.0,24672.0,9203.0,9289.0,2500.0,1571.0,1441.0,521.0
trenque lauquen,0957,2,32463.0,23862.0,12399.0,6363.0,2726.0,656.0,849.0,1156.0
quilmes,0788C,2,32041.0,23418.0,5187.0,14483.0,1953.0,1068.0,1251.0,1024.0
bragado,0136,2,30953.0,23776.0,11804.0,7486.0,1631.0,666.0,1577.0,893.0
merlo,0654,2,31871.0,23861.0,5041.0,12637.0,2277.0,1061.0,1217.0,773.0
lanus,0276,2,30281.0,23946.0,12992.0,6252.0,2361.0,1513.0,878.0,358.0
general san martin,0378,2,33333.0,23001.0,9073.0,7353.0,2393.0,1397.0,1465.0,397.0
esteban echeverria,0286A,2,33769.0,23056.0,5233.0,11319.0,1934.0,951.0,963.0,1003.0
la matanza,0631,2,30142.0,23759.0,9238.0,9045.0,2672.0,1423.0,1091.0,372.0
ituzaingo,0666A,2,29848.0,24034.0,9167.0,8839.0,2528.0,1341.0,1212.0,770.0
malvinas argentinas,0399D,2,30042.0,23854.0,7786.0,9885.0,2803.0,1502.0,867.0,844.0
la matanza,0634,2,30150.0,23382.0,9182.0,8690.0,2939.0,1451.0,1094.0,436.0
moreno,0663D,2,32429.0,22143.0,4339.0,12047.0,2395.0,866.0,1596.0,1357.0
ezeiza,0290A,2,30762.0,22650.0,6524.0,10191.0,2391.0,1290.0,1156.0,1065.0
berazategui,0789A,2,29281.0,22681.0,6984.0,10767.0,2770.0,1378.0,975.0,1152.0
ezeiza,0290,2,31255.0,22862.0,6411.0,9366.0,2471.0,1249.0,1203.0,971.0
presidente peron,0304A,2,31054.0,23094.0,5054.0,9025.0,3553.0,1093.0,1310.0,1326.0
berisso,0513,2,29084.0,22776.0,9292.0,8259.0,2354.0,1480.0,1375.0,837.0
quilmes,0791B,2,31323.0,22222.0,8592.0,8148.0,2011.0,1195.0,1130.0,512.0
canuelas,0157,2,29214.0,23014.0,10551.0,7453.0,2148.0,970.0,944.0,593.0
malvinas argentinas,0399B,2,29079.0,22584.0,6873.0,9532.0,2629.0,1397.0,788.0,713.0
moreno,0664B,2,28288.0,22625.0,5668.0,10222.0,2780.0,1209.0,1462.0,1085.0
general san martin,0376,2,32672.0,20727.0,10031.0,4732.0,2301.0,1373.0,1161.0,332.0
la plata,0496,2,29338.0,20823.0,10974.0,6326.0,2147.0,1630.0,1180.0,680.0
quilmes,0788B,2,28806.0,22081.0,7027.0,9866.0,2054.0,1167.0,1157.0,729.0
chascomus,0201,2,28437.0,21890.0,11394.0,5058.0,2710.0,713.0,618.0,1759.0
pehuajo,0734,2,28563.0,21639.0,10037.0,7644.0,2188.0,563.0,714.0,1024.0
comuna 06,0071,1,31148.0,22159.0,12920.0,4484.0,,1453.0,,168.0
pilar,0772,2,28024.0,22193.0,9745.0,7407.0,2250.0,796.0,888.0,867.0
san vicente,0925,2,29662.0,20983.0,6661.0,8047.0,2767.0,744.0,974.0,2141.0
quilmes,0787A,2,30053.0,21214.0,11139.0,4871.0,1702.0,1421.0,752.0,280.0
moreno,0664A,2,28094.0,21643.0,6230.0,9483.0,2511.0,1120.0,1374.0,916.0
quilmes,0791A,2,28782.0,20931.0,6926.0,9331.0,2231.0,1242.0,1134.0,594.0
la plata,0495,2,28320.0,21526.0,11804.0,4532.0,1685.0,1572.0,941.0,467.0
lanus,0275,2,27031.0,21532.0,10206.0,6645.0,2348.0,1377.0,875.0,321.0
esteban echeverria,0288B,2,28116.0,21351.0,6212.0,9450.0,1936.0,1215.0,928.0,742.0
comuna 06,0069,1,29298.0,22582.0,12476.0,4050.0,,1249.0,,175.0
villa gesell,0344,2,29546.0,19902.0,8637.0,6006.0,2306.0,795.0,881.0,749.0
almirante brown,0020A,2,26498.0,20796.0,5336.0,10403.0,2423.0,1159.0,1245.0,589.0
la plata,0504A,2,27109.0,20925.0,10979.0,4803.0,1418.0,1381.0,1222.0,511.0
vicente lopez,0993,2,26666.0,20763.0,14545.0,2699.0,1366.0,1177.0,578.0,200.0
bahia blanca,0085,2,26457.0,20660.0,11817.0,3674.0,1605.0,1386.0,1562.0,633.0
general alvarado,0305,2,26884.0,20160.0,9039.0,4736.0,4083.0,717.0,647.0,1045.0
lanus,0265,2,25685.0,20748.0,8212.0,7746.0,2022.0,1301.0,933.0,362.0
comuna 13,0138,1,29015.0,19660.0,13597.0,3103.0,,1085.0,,189.0
bolivar,0125,2,25798.0,20638.0,8908.0,2319.0,910.0,411.0,6397.0,1246.0
vicente lopez,0996,2,25852.0,20323.0,13056.0,3253.0,1766.0,1430.0,688.0,235.0
san isidro,0889,2,26021.0,20201.0,11545.0,4506.0,2005.0,1009.0,694.0,590.0
san miguel,0402,2,25636.0,20555.0,8081.0,8075.0,1580.0,903.0,761.0,903.0
mercedes,0638,2,25641.0,20311.0,11735.0,4325.0,1754.0,851.0,881.0,470.0
lincoln,0554,2,26049.0,19461.0,10338.0,4911.0,1888.0,613.0,1345.0,813.0
comuna 08,0087,1,30070.0,17844.0,7403.0,8395.0,,1455.0,,215.0
san miguel,0400,2,25075.0,19860.0,10666.0,4867.0,1818.0,1235.0,802.0,424.0
comuna 07,0086,1,28702.0,19750.0,7005.0,7176.0,,1449.0,,225.0
almirante brown,0017,2,25333.0,19025.0,12108.0,3653.0,1369.0,1148.0,717.0,256.0
bahia blanca,0073,2,29580.0,17484.0,8892.0,3095.0,1320.0,960.0,1242.0,487.0
florencio varela,0303B,2,24872.0,18480.0,4706.0,9235.0,1831.0,804.0,1243.0,1356.0
lobos,0574,2,24017.0,19048.0,10283.0,4608.0,1691.0,778.0,1118.0,651.0
saladillo,0846,2,24557.0,18769.0,11146.0,4346.0,1520.0,501.0,513.0,724.0
quilmes,0784,2,24387.0,18955.0,9939.0,4807.0,1688.0,1161.0,739.0,297.0
zarate,1014,2,24712.0,17498.0,6520.0,8246.0,2331.0,772.0,685.0,962.0
salto,0854,2,24708.0,17871.0,8477.0,5252.0,1827.0,626.0,1410.0,1448.0
comuna 06,0070,1,26172.0,19640.0,9639.0,4270.0,,1289.0,,153.0
baradero,0105,2,23565.0,18245.0,8193.0,4825.0,2302.0,659.0,862.0,1754.0
comuna 14,0151,1,26530.0,17279.0,13766.0,1985.0,,644.0,,138.0
dolores,0282,2,23773.0,18146.0,10305.0,4259.0,1742.0,448.0,851.0,817.0
moreno,0664,2,24111.0,18327.0,6304.0,6859.0,2064.0,986.0,979.0,595.0
comuna 14,0154,1,27502.0,16726.0,10847.0,3794.0,,1190.0,,155.0
bahia blanca,0086,2,23463.0,18314.0,9971.0,3436.0,1617.0,1182.0,1498.0,618.0
bartolome mitre,0117,2,23081.0,18090.0,8969.0,4880.0,1963.0,403.0,1220.0,1085.0
comuna 14,0149,1,25430.0,17616.0,13069.0,1902.0,,626.0,,98.0
san vicente,0924,2,22972.0,17777.0,6840.0,5225.0,2583.0,577.0,1169.0,1503.0
comuna 12,0129,1,25359.0,17620.0,10464.0,3876.0,,1112.0,,146.0
lomas de zamora,0593,2,23563.0,17337.0,6724.0,6509.0,1930.0,1055.0,937.0,421.0
florencio varela,0302B,2,23217.0,17680.0,4005.0,8833.0,1526.0,839.0,991.0,1116.0
coronel suarez,0252,2,22549.0,17735.0,7958.0,3641.0,2665.0,754.0,456.0,2223.0
esteban echeverria,0287,2,22438.0,17305.0,4961.0,8556.0,1852.0,1047.0,834.0,685.0
san miguel,0397A,2,22141.0,17660.0,6782.0,6892.0,1719.0,1044.0,798.0,582.0
avellaneda,0027,2,23759.0,17091.0,4198.0,8926.0,1554.0,734.0,657.0,393.0
comuna 13,0142,1,24717.0,16675.0,13827.0,1377.0,,526.0,,129.0
escobar,0773,2,22721.0,17040.0,6614.0,6061.0,2068.0,884.0,768.0,1063.0
general san martin,0379,2,22140.0,17544.0,7733.0,5216.0,2021.0,1113.0,976.0,353.0
lanus,0263,2,23659.0,16666.0,7002.0,5531.0,1732.0,1110.0,719.0,297.0
comuna 06,0074,1,23632.0,18318.0,10297.0,3215.0,,933.0,,129.0
berisso,0512,2,22276.0,17016.0,7427.0,5710.0,1564.0,962.0,977.0,555.0
comuna 12,0127,1,23990.0,17543.0,10797.0,3065.0,,913.0,,120.0
berazategui,0792,2,22555.0,16998.0,5894.0,7024.0,1637.0,810.0,736.0,718.0
avellaneda,0034,2,22180.0,16665.0,6723.0,6311.0,1677.0,1113.0,664.0,376.0
comuna 14,0153,1,24364.0,16748.0,10443.0,3007.0,,975.0,,148.0
veinticinco de mayo,0980,2,21980.0,16480.0,8370.0,4886.0,1549.0,561.0,547.0,1087.0
quilmes,0785A,2,21417.0,16750.0,7954.0,5406.0,1630.0,1097.0,713.0,355.0
escobar,0773B,2,21254.0,16493.0,4210.0,8997.0,1808.0,633.0,648.0,1025.0
ezeiza,0290B,2,21008.0,16885.0,4442.0,8157.0,1812.0,913.0,965.0,802.0
comuna 14,0155,1,24132.0,16094.0,9359.0,3731.0,,1005.0,,126.0
zarate,1013,2,22039.0,15697.0,8168.0,4696.0,1648.0,708.0,501.0,617.0
malvinas argentinas,0399G,2,20454.0,16609.0,3538.0,9388.0,1748.0,796.0,579.0,779.0
avellaneda,0037,2,21380.0,16521.0,6492.0,6037.0,1587.0,1000.0,628.0,245.0
esteban echeverria,0287D,2,20771.0,16208.0,4567.0,7813.0,1609.0,960.0,874.0,747.0
lomas de zamora,0589,2,20890.0,16430.0,6847.0,5272.0,1671.0,1163.0,762.0,352.0
malvinas argentinas,0399E,2,20442.0,15948.0,4971.0,6905.0,2191.0,1112.0,694.0,559.0
berazategui,0790,2,20533.0,15996.0,6306.0,6036.0,1666.0,1002.0,684.0,548.0
comuna 15,0160,1,23502.0,15934.0,8001.0,3807.0,,1238.0,,175.0
esteban echeverria,0291A,2,20455.0,15749.0,5548.0,6859.0,1663.0,963.0,818.0,557.0
las flores,0538,2,20379.0,16016.0,7262.0,4331.0,2699.0,479.0,590.0,807.0
quilmes,0791,2,20430.0,16085.0,7133.0,5050.0,1563.0,986.0,778.0,271.0
comuna 14,0148,1,22716.0,15340.0,11454.0,1947.0,,653.0,,124.0
campana,0155,2,21084.0,15661.0,7943.0,3775.0,1389.0,732.0,493.0,828.0
san nicolas,0904,2,20200.0,15656.0,5730.0,5862.0,1990.0,567.0,895.0,990.0
lomas de zamora,0584,2,20415.0,15714.0,8684.0,3671.0,1360.0,1112.0,605.0,240.0
comuna 05,0064,1,22343.0,16479.0,7633.0,3880.0,,1215.0,,127.0
berisso,0513A,2,20897.0,15384.0,6039.0,5084.0,1585.0,948.0,826.0,586.0
quilmes,0786,2,21429.0,14887.0,5721.0,6058.0,1255.0,810.0,641.0,428.0
comuna 09,0098,1,22137.0,15432.0,8230.0,4054.0,,864.0,,159.0
general pueyrredon,0368,2,21689.0,14463.0,5254.0,5822.0,1266.0,834.0,782.0,695.0
san fernando,0879A,2,20453.0,15167.0,4087.0,4982.0,3610.0,689.0,565.0,1117.0
quilmes,0783,2,20633.0,14835.0,9235.0,3216.0,1021.0,804.0,507.0,245.0
bahia blanca,0074,2,19901.0,15067.0,7435.0,3345.0,1520.0,1030.0,1422.0,673.0
colon,0230,2,19866.0,14760.0,6127.0,6175.0,1159.0,414.0,687.0,1153.0
comuna 07,0083,1,21287.0,16133.0,9021.0,2736.0,,790.0,,115.0
san fernando,0878,2,20216.0,14944.0,4272.0,4858.0,3316.0,725.0,552.0,923.0
olavarria,0711D,2,19223.0,15245.0,6423.0,4286.0,2413.0,633.0,750.0,585.0
comuna 12,0125,1,21486.0,14628.0,8468.0,3475.0,,967.0,,134.0
san nicolas,0901B,2,18937.0,14860.0,6561.0,4621.0,1948.0,612.0,682.0,894.0
comuna 13,0147,1,21003.0,15161.0,9853.0,2102.0,,741.0,,120.0
zarate,1017,2,19295.0,14466.0,5082.0,6364.0,1780.0,542.0,533.0,749.0
brandsen,0148,2,19193.0,14576.0,6831.0,5115.0,1485.0,464.0,422.0,699.0
vicente lopez,0995,2,21488.0,14077.0,8560.0,2104.0,951.0,987.0,424.0,154.0
comuna 12,0133,1,20572.0,15288.0,8584.0,3108.0,,873.0,,114.0
comuna 05,0067,1,20680.0,15522.0,7088.0,3643.0,,1153.0,,125.0
san isidro,0895,2,19040.0,14581.0,11896.0,1000.0,575.0,534.0,269.0,218.0
san fernando,0877,2,18460.0,14785.0,4539.0,4604.0,3317.0,721.0,556.0,932.0
berazategui,0789C,2,18246.0,14611.0,6502.0,4865.0,1450.0,964.0,591.0,487.0
lanus,0272,2,19743.0,14056.0,6286.0,4335.0,1332.0,843.0,541.0,235.0
comuna 06,0068,1,20115.0,15270.0,7341.0,3451.0,,1073.0,,118.0
comuna 05,0063,1,20372.0,14927.0,7304.0,3593.0,,1058.0,,113.0
comuna 12,0132,1,20154.0,14777.0,7863.0,3432.0,,916.0,,118.0
patagones,0729,2,19386.0,13666.0,5192.0,5234.0,1837.0,431.0,549.0,580.0
san fernando,0879,2,17923.0,14410.0,5294.0,3767.0,3401.0,770.0,468.0,666.0
comuna 14,0152,1,20593.0,13384.0,10185.0,1770.0,,612.0,,130.0
berazategui,0789D,2,17882.0,14145.0,3714.0,7107.0,1454.0,797.0,768.0,797.0
presidente peron,0304,2,17732.0,14139.0,3632.0,6139.0,2426.0,821.0,816.0,796.0
esteban echeverria,0288A,2,18908.0,14053.0,6763.0,3606.0,1302.0,931.0,587.0,297.0
coronel pringles,0240,2,18449.0,14068.0,7264.0,3446.0,1105.0,483.0,410.0,1215.0
comuna 15,0165,1,19872.0,14478.0,7285.0,3445.0,,1092.0,,129.0
comuna 02,0023,1,20295.0,13342.0,9749.0,1954.0,,613.0,,120.0
san isidro,0888,2,17681.0,14217.0,9753.0,1982.0,974.0,739.0,372.0,312.0
rojas,0823,2,17862.0,13886.0,7615.0,3288.0,1703.0,330.0,520.0,805.0
tres de febrero,0390,2,17455.0,14107.0,7183.0,3621.0,1514.0,972.0,744.0,224.0
san antonio de areco,0866,2,17210.0,14391.0,7690.0,4139.0,987.0,592.0,371.0,390.0
florencio varela,0302D,2,17419.0,14216.0,3824.0,6908.0,1306.0,668.0,770.0,630.0
la matanza,0627,2,17634.0,14008.0,6066.0,4571.0,1586.0,885.0,575.0,193.0
comuna 15,0161,1,20433.0,13224.0,6663.0,3755.0,,1098.0,,98.0
general san martin,0384,2,17697.0,13496.0,5577.0,4590.0,1772.0,760.0,945.0,277.0
campana,0155A,2,17083.0,14029.0,7037.0,3347.0,1466.0,825.0,510.0,753.0
la matanza,0631C,2,16868.0,14086.0,3690.0,7110.0,1368.0,741.0,781.0,336.0
comuna 10,0107,1,19068.0,14492.0,6978.0,3408.0,,877.0,,124.0
comuna 10,0109,1,19285.0,13830.0,6998.0,3388.0,,980.0,,123.0
comuna 15,0158,1,20044.0,13147.0,6808.0,3414.0,,1071.0,,120.0
comuna 11,0120,1,19166.0,13723.0,8089.0,2715.0,,709.0,,121.0
comuna 12,0128,1,19493.0,12974.0,7770.0,3183.0,,932.0,,127.0
escobar,0775,2,17044.0,13530.0,5850.0,4555.0,1583.0,692.0,542.0,539.0
vicente lopez,0998,2,16937.0,13489.0,7713.0,2711.0,1110.0,1140.0,495.0,205.0
ayacucho,0046,2,16923.0,13168.0,6514.0,2873.0,1325.0,662.0,876.0,1050.0
monte,0656,2,17158.0,13008.0,6384.0,3427.0,1442.0,392.0,773.0,628.0
esteban echeverria,0287A,2,16685.0,12947.0,4272.0,5836.0,1331.0,783.0,666.0,533.0
comuna 04,0057,1,18495.0,13690.0,6091.0,3692.0,,930.0,,124.0
la costa,0337E,2,17370.0,12621.0,6010.0,4194.0,1230.0,459.0,524.0,596.0
lomas de zamora,0586,2,17078.0,13226.0,7121.0,2854.0,1215.0,875.0,431.0,198.0
coronel de marina l. rosales,0248,2,17486.0,12701.0,7930.0,1798.0,1361.0,475.0,569.0,629.0
bahia blanca,0087,2,16923.0,13071.0,5565.0,3252.0,1274.0,789.0,1361.0,632.0
comuna 13,0143,1,18334.0,13212.0,8859.0,1742.0,,609.0,,101.0
pergamino,0748,2,17260.0,12953.0,8752.0,1801.0,913.0,488.0,403.0,268.0
general juan madariaga,0340,2,17474.0,12161.0,6912.0,3203.0,1096.0,457.0,869.0,555.0
comuna 13,0139,1,18413.0,12812.0,8887.0,1800.0,,605.0,,117.0
comuna 10,0105,1,18707.0,12586.0,7162.0,3158.0,,808.0,,130.0
la plata,0475,2,16881.0,12788.0,7518.0,2653.0,878.0,979.0,555.0,289.0
la plata,0496D,2,17224.0,12674.0,5347.0,3934.0,1195.0,714.0,822.0,557.0
la plata,0505,2,16527.0,13044.0,6275.0,3443.0,1184.0,766.0,779.0,373.0
general villegas,0411,2,16630.0,12919.0,6531.0,2132.0,2643.0,315.0,487.0,654.0
pergamino,0748A,2,16776.0,12880.0,6750.0,3146.0,1344.0,415.0,595.0,360.0
comuna 11,0117,1,18359.0,12706.0,6888.0,3178.0,,823.0,,124.0
carlos casares,0164,2,16298.0,12705.0,6694.0,2156.0,997.0,346.0,1818.0,858.0
comuna 11,0119,1,18103.0,12820.0,7216.0,2826.0,,713.0,,91.0
comuna 12,0126,1,17939.0,12526.0,7000.0,3088.0,,853.0,,100.0
general san martin,0380,2,16400.0,12438.0,5630.0,3554.0,1594.0,818.0,766.0,291.0
san andres de giles,0860,2,16051.0,12537.0,5514.0,3175.0,1948.0,259.0,429.0,1452.0
san fernando,0880,2,15842.0,12771.0,8296.0,1675.0,1547.0,627.0,323.0,255.0
comuna 12,0130,1,17682.0,12833.0,7103.0,2676.0,,827.0,,113.0
comuna 06,0073,1,17474.0,13170.0,6225.0,3065.0,,967.0,,105.0
berazategui,0789B,2,15616.0,12471.0,4406.0,5065.0,1424.0,804.0,583.0,390.0
comuna 11,0116,1,17516.0,12883.0,6058.0,3207.0,,945.0,,117.0
comuna 02,0028,1,17988.0,12221.0,7417.0,2218.0,,719.0,,76.0
comuna 09,0095,1,17336.0,12646.0,6299.0,3493.0,,740.0,,114.0
campana,0156A,2,15319.0,12708.0,5540.0,3552.0,1376.0,758.0,534.0,827.0
almirante brown,0022B,2,15643.0,12329.0,3258.0,6109.0,1159.0,642.0,752.0,316.0
quilmes,0786A,2,15439.0,12236.0,4639.0,4963.0,1280.0,682.0,554.0,236.0
comuna 03,0041,1,17799.0,11474.0,5856.0,3678.0,,973.0,,120.0
olavarria,0711E,2,15668.0,12215.0,5057.0,3578.0,1783.0,521.0,623.0,453.0
comuna 09,0101,1,17089.0,12660.0,6435.0,2817.0,,704.0,,96.0
berazategui,0789E,2,15386.0,11570.0,4704.0,4655.0,1410.0,894.0,554.0,433.0
general belgrano,0320,2,15472.0,12097.0,6466.0,2132.0,1043.0,268.0,1304.0,769.0
avellaneda,0023,2,16981.0,11587.0,5475.0,3404.0,870.0,706.0,349.0,168.0
lomas de zamora,0591,2,15736.0,11857.0,6690.0,2646.0,1040.0,880.0,485.0,173.0
pergamino,0748B,2,15624.0,11728.0,6348.0,3036.0,1207.0,475.0,579.0,437.0
esteban echeverria,0291,2,14933.0,12110.0,5744.0,3587.0,1399.0,785.0,583.0,236.0
comuna 07,0076,1,16251.0,12927.0,6181.0,2894.0,,793.0,,107.0
pergamino,0748D,2,15380.0,11795.0,6399.0,2798.0,1301.0,441.0,611.0,375.0
comuna 11,0114,1,16945.0,12066.0,6006.0,3066.0,,794.0,,109.0
berazategui,0792A,2,14771.0,12085.0,4088.0,4895.0,1240.0,696.0,561.0,455.0
san isidro,0887,2,16843.0,11580.0,7506.0,1219.0,632.0,512.0,268.0,226.0
comuna 15,0166,1,16335.0,12492.0,5774.0,3193.0,,864.0,,78.0
la costa,0337B,2,16265.0,11608.0,4921.0,3361.0,945.0,479.0,421.0,651.0
berazategui,0792D,2,14729.0,11745.0,3460.0,5520.0,1257.0,642.0,545.0,588.0
berazategui,0792C,2,14622.0,11540.0,3253.0,5708.0,1360.0,668.0,424.0,677.0
comuna 15,0162,1,17082.0,11367.0,5195.0,3500.0,,996.0,,106.0
comuna 14,0157,1,16386.0,12190.0,5632.0,2986.0,,903.0,,101.0
comuna 02,0026,1,16869.0,10331.0,9435.0,981.0,,309.0,,84.0
la matanza,0632A,2,17213.0,10783.0,3501.0,3860.0,1062.0,642.0,496.0,231.0
pergamino,0748C,2,15017.0,11400.0,5454.0,3374.0,1126.0,389.0,537.0,439.0
quilmes,0787,2,14797.0,11517.0,5855.0,3150.0,993.0,717.0,425.0,202.0
comuna 08,0088,1,16134.0,11426.0,6303.0,2952.0,,654.0,,118.0
comuna 02,0022,1,15937.0,11542.0,7653.0,1449.0,,509.0,,68.0
tres de febrero,0394A,2,14602.0,11235.0,7041.0,2086.0,851.0,773.0,419.0,150.0
comuna 05,0060,1,15726.0,11691.0,5555.0,3099.0,,870.0,,92.0
la plata,0497,2,15118.0,10717.0,6025.0,2530.0,1048.0,757.0,509.0,301.0
comuna 12,0124,1,16178.0,10803.0,6043.0,3082.0,,721.0,,103.0
san fernando,0878A,2,13978.0,11360.0,2546.0,4491.0,2448.0,437.0,395.0,992.0
campana,0156,2,14111.0,11140.0,3775.0,4256.0,1106.0,477.0,581.0,1139.0
comuna 01,0006,1,15840.0,10562.0,9087.0,701.0,,221.0,,76.0
olavarria,0711C,2,14305.0,11082.0,4699.0,3123.0,1725.0,466.0,486.0,471.0
esteban echeverria,0287C,2,14212.0,10915.0,2700.0,5705.0,1004.0,614.0,551.0,503.0
comuna 03,0042,1,16007.0,10378.0,5447.0,3111.0,,808.0,,117.0
comuna 11,0121,1,15467.0,10765.0,6477.0,2341.0,,554.0,,85.0
necochea,0686A,2,14700.0,10156.0,4792.0,2944.0,1643.0,296.0,405.0,688.0
comuna 05,0061,1,15158.0,11075.0,5805.0,2491.0,,790.0,,77.0
comuna 13,0145,1,15332.0,10487.0,6263.0,2332.0,,784.0,,104.0
tres de febrero,0389,2,14068.0,10682.0,5255.0,2760.0,1023.0,730.0,469.0,191.0
benito juarez,0436,2,13665.0,10429.0,4605.0,3421.0,743.0,322.0,185.0,1331.0
saavedra,0840,2,13936.0,10471.0,5568.0,2427.0,1244.0,299.0,325.0,349.0
rauch,0806,2,13076.0,10612.0,5556.0,3456.0,731.0,258.0,212.0,695.0
comuna 13,0136,1,14660.0,10685.0,6351.0,1932.0,,623.0,,107.0
quilmes,0783A,2,13811.0,10077.0,2874.0,5034.0,902.0,439.0,486.0,545.0
lanus,0271,2,13059.0,10428.0,5081.0,3111.0,1122.0,710.0,426.0,180.0
comuna 05,0058,1,14373.0,10848.0,4786.0,2937.0,,847.0,,81.0
general viamonte,0404,2,13064.0,10444.0,5188.0,3451.0,844.0,198.0,297.0,366.0
almirante brown,0021A,2,13222.0,10214.0,2379.0,5270.0,1131.0,559.0,650.0,318.0
presidente peron,0304B,2,12946.0,10137.0,2758.0,4355.0,1577.0,482.0,730.0,713.0
berazategui,0789F,2,12578.0,10534.0,4153.0,3758.0,1123.0,695.0,435.0,348.0
olavarria,0711,2,13726.0,10091.0,5826.0,1713.0,1192.0,426.0,398.0,212.0
comuna 04,0054,1,14821.0,9497.0,5032.0,3009.0,,793.0,,91.0
comuna 11,0118,1,14493.0,9888.0,5882.0,2181.0,,575.0,,78.0
comuna 13,0141,1,14583.0,9514.0,6916.0,1507.0,,444.0,,95.0
comuna 13,0137,1,13947.0,10509.0,6067.0,1809.0,,611.0,,95.0
la plata,0508A,2,13033.0,10173.0,4808.0,2549.0,980.0,565.0,545.0,322.0
comuna 09,0100,1,13897.0,10467.0,5460.0,2445.0,,566.0,,86.0
comuna 07,0082,1,14837.0,9467.0,5520.0,2385.0,,639.0,,69.0
comuna 11,0122,1,13765.0,10405.0,6648.0,1579.0,,414.0,,83.0
comuna 11,0123,1,14359.0,9667.0,5970.0,2162.0,,590.0,,78.0
comuna 04,0048,1,14580.0,9901.0,4962.0,2533.0,,621.0,,111.0
la plata,0496C,2,12653.0,9942.0,4126.0,3191.0,959.0,590.0,596.0,367.0
vicente lopez,0994,2,12704.0,9853.0,6814.0,1347.0,651.0,552.0,284.0,133.0
comuna 04,0050,1,14060.0,9284.0,5655.0,2234.0,,636.0,,85.0
capitan sarmiento,0121,2,12252.0,9839.0,5096.0,2031.0,1294.0,181.0,327.0,866.0
comuna 10,0102,1,13243.0,10473.0,5372.0,2183.0,,500.0,,75.0
comuna 04,0053,1,14365.0,9436.0,4091.0,3229.0,,630.0,,76.0
comuna 05,0065,1,13924.0,9718.0,4858.0,2434.0,,741.0,,82.0
comuna 04,0047,1,14689.0,8633.0,2695.0,4834.0,,680.0,,124.0
comuna 07,0077,1,13508.0,9946.0,4670.0,2703.0,,705.0,,98.0
moron,0670,2,12011.0,9771.0,5613.0,2099.0,834.0,706.0,362.0,94.0
loberia,0568,2,12189.0,9656.0,4791.0,2737.0,991.0,300.0,295.0,412.0
comuna 07,0079,1,14315.0,9048.0,5098.0,2205.0,,608.0,,97.0
comuna 02,0021,1,13586.0,8933.0,7781.0,640.0,,193.0,,50.0
comuna 06,0072,1,13529.0,9632.0,4682.0,2442.0,,708.0,,83.0
avellaneda,0033,2,11864.0,9607.0,4647.0,2753.0,1019.0,664.0,332.0,138.0
comuna 14,0150,1,13243.0,9186.0,7746.0,598.0,,191.0,,54.0
navarro,0675,2,11763.0,9492.0,4711.0,3083.0,629.0,169.0,584.0,495.0
bahia blanca,0083,2,12199.0,9364.0,6284.0,1239.0,570.0,550.0,485.0,170.0
comuna 05,0059,1,13275.0,9567.0,4277.0,2845.0,,740.0,,87.0
comuna 05,0066,1,13321.0,9643.0,4623.0,2293.0,,755.0,,73.0
general las heras,0547,2,11455.0,9688.0,3640.0,2787.0,2094.0,273.0,343.0,374.0
daireaux,0179,2,11664.0,9507.0,4586.0,3025.0,679.0,120.0,251.0,747.0
comuna 07,0080,1,13144.0,9444.0,5148.0,2088.0,,599.0,,98.0
lomas de zamora,0593A,2,11538.0,9507.0,4341.0,2824.0,1037.0,676.0,431.0,141.0
comuna 10,0103,1,12842.0,10041.0,4897.0,2169.0,,484.0,,62.0
comuna 15,0167,1,12977.0,9507.0,5055.0,2166.0,,663.0,,70.0
coronel de marina l. rosales,0248C,2,12328.0,8821.0,5229.0,1477.0,1141.0,278.0,458.0,672.0
comuna 03,0034,1,13936.0,8774.0,4644.0,2248.0,,643.0,,88.0
pinamar,0339,2,12656.0,9023.0,4912.0,1659.0,916.0,312.0,413.0,409.0
carmen de areco,0175,2,11545.0,9371.0,4619.0,2249.0,760.0,141.0,365.0,1103.0
comuna 03,0039,1,13359.0,9211.0,4487.0,2322.0,,673.0,,82.0
ramallo,0797,2,11783.0,8913.0,3588.0,2957.0,1648.0,354.0,278.0,557.0
comuna 09,0092,1,13625.0,8427.0,4714.0,2537.0,,650.0,,94.0
la plata,0520,2,14336.0,8579.0,3575.0,1873.0,529.0,614.0,344.0,184.0
la costa,0337,2,12144.0,9017.0,4117.0,2849.0,769.0,293.0,343.0,416.0
lomas de zamora,0588,2,11670.0,9190.0,4758.0,2162.0,877.0,727.0,351.0,121.0
comuna 11,0113,1,12857.0,9390.0,4679.0,2237.0,,604.0,,70.0
comuna 02,0025,1,12938.0,8683.0,6997.0,783.0,,291.0,,82.0
comuna 02,0024,1,13312.0,8096.0,6872.0,1063.0,,354.0,,68.0
ensenada,0490,2,11785.0,8848.0,3450.0,3371.0,862.0,467.0,370.0,303.0
la matanza,0632,2,11824.0,8868.0,3709.0,2856.0,940.0,547.0,396.0,129.0
san nicolas,0901A,2,11475.0,8356.0,3126.0,3434.0,1187.0,337.0,449.0,587.0
la plata,0496A,2,11341.0,8727.0,2775.0,3644.0,862.0,413.0,563.0,418.0
avellaneda,0025,2,11327.0,8564.0,2991.0,4071.0,805.0,463.0,291.0,152.0
campana,0156B,2,11200.0,8492.0,3275.0,3225.0,970.0,334.0,371.0,796.0
comuna 10,0108,1,12077.0,9113.0,4402.0,2208.0,,591.0,,79.0
comuna 03,0035,1,12919.0,8138.0,4270.0,2400.0,,655.0,,59.0
comuna 07,0081,1,12492.0,8373.0,4864.0,2020.0,,583.0,,84.0
comuna 10,0104,1,12289.0,8798.0,4441.0,2162.0,,535.0,,80.0
comuna 02,0027,1,12886.0,7587.0,5846.0,1271.0,,444.0,,70.0
bahia blanca,0084,2,11150.0,8328.0,5528.0,1203.0,568.0,564.0,505.0,160.0
comuna 09,0096,1,11920.0,8851.0,4020.0,2536.0,,503.0,,92.0
vicente lopez,0997,2,10911.0,8528.0,5284.0,1494.0,615.0,678.0,256.0,132.0
rivadavia,0815,2,10796.0,8587.0,4258.0,1334.0,1800.0,122.0,376.0,604.0
comuna 11,0115,1,12340.0,8265.0,4189.0,2279.0,,675.0,,83.0
lomas de zamora,0585,2,10776.0,8616.0,4718.0,1876.0,746.0,643.0,323.0,116.0
comuna 04,0043,1,12177.0,8202.0,4210.0,2475.0,,620.0,,67.0
comuna 09,0097,1,11858.0,8496.0,3949.0,2748.0,,516.0,,77.0
magdalena,0606,2,10685.0,8509.0,4201.0,1959.0,1188.0,266.0,372.0,402.0
la plata,0497E,2,11849.0,7892.0,3253.0,2503.0,832.0,386.0,451.0,386.0
comuna 01,0013,1,12496.0,7975.0,4167.0,2246.0,,606.0,,59.0
comuna 04,0049,1,12298.0,7855.0,4091.0,2577.0,,616.0,,88.0
comuna 02,0029,1,12020.0,8350.0,5084.0,1439.0,,492.0,,84.0
pilar,0770A,2,10815.0,8216.0,4565.0,2375.0,660.0,277.0,282.0,265.0
coronel de marina l. rosales,0248E,2,10660.0,8446.0,5364.0,952.0,913.0,264.0,326.0,515.0
comuna 13,0135,1,11713.0,8452.0,5345.0,1318.0,,474.0,,60.0
comuna 03,0038,1,12792.0,7375.0,4197.0,2258.0,,654.0,,63.0
comuna 15,0159,1,12183.0,8196.0,3908.0,2224.0,,673.0,,71.0
comuna 15,0163,1,12365.0,7592.0,3740.0,2698.0,,715.0,,74.0
bahia blanca,0091,2,11045.0,7687.0,3094.0,2527.0,837.0,442.0,921.0,599.0
coronel dorrego,0232,2,10681.0,8114.0,4268.0,1957.0,879.0,195.0,456.0,544.0
comuna 03,0031,1,12682.0,7482.0,4565.0,1743.0,,524.0,,83.0
comuna 15,0164,1,11914.0,8240.0,3819.0,2225.0,,690.0,,90.0
comuna 13,0146,1,11691.0,8270.0,4342.0,1898.0,,653.0,,80.0
comuna 10,0111,1,11916.0,8214.0,4097.0,2039.0,,553.0,,79.0
comuna 01,0011,1,12366.0,7865.0,4022.0,1966.0,,535.0,,88.0
avellaneda,0024,2,10413.0,8086.0,3933.0,2652.0,753.0,520.0,276.0,158.0
bahia blanca,0072,2,10646.0,8055.0,4936.0,1250.0,608.0,468.0,507.0,209.0
comuna 04,0052,1,11791.0,7921.0,3396.0,2760.0,,582.0,,70.0
comuna 10,0106,1,11428.0,8298.0,4192.0,1962.0,,475.0,,73.0
exaltacion de la cruz,0293,2,10025.0,8138.0,3447.0,2419.0,825.0,283.0,288.0,831.0
comuna 01,0017,1,12082.0,6963.0,3745.0,2386.0,,635.0,,79.0
comuna 01,0010,1,11796.0,7324.0,4785.0,1516.0,,380.0,,70.0
exaltacion de la cruz,0292,2,10407.0,7985.0,3455.0,1705.0,738.0,232.0,257.0,994.0
la plata,0496B,2,10399.0,7302.0,3029.0,2723.0,810.0,439.0,507.0,365.0
ramallo,0798,2,9959.0,7134.0,4193.0,2023.0,1072.0,303.0,224.0,452.0
comuna 03,0030,1,11476.0,7467.0,4126.0,1685.0,,445.0,,66.0
la plata,0497D,2,9747.0,7791.0,3605.0,2141.0,778.0,427.0,450.0,302.0
tres de febrero,0392,2,10056.0,7475.0,2938.0,2743.0,885.0,469.0,389.0,195.0
comuna 07,0078,1,10798.0,7880.0,3750.0,2140.0,,480.0,,88.0
san nicolas,0905,2,9713.0,7783.0,1980.0,3618.0,832.0,244.0,401.0,519.0
lanus,0259,2,9711.0,7419.0,3538.0,2524.0,887.0,540.0,320.0,114.0
comuna 09,0094,1,10947.0,7544.0,3579.0,2255.0,,575.0,,70.0
comuna 03,0037,1,11171.0,7262.0,3733.0,2115.0,,557.0,,77.0
comuna 01,0012,1,11235.0,7411.0,3803.0,1883.0,,498.0,,64.0
berazategui,0790A,2,9508.0,7519.0,2535.0,3300.0,856.0,419.0,336.0,303.0
comuna 09,0099,1,11029.0,6761.0,4587.0,1834.0,,428.0,,85.0
la costa,0337D,2,9861.0,7294.0,3564.0,2072.0,696.0,309.0,319.0,248.0
comuna 07,0075,1,10269.0,7941.0,3825.0,1759.0,,497.0,,70.0
zarate,1021,2,9378.0,7351.0,2181.0,3719.0,735.0,168.0,293.0,514.0
comuna 07,0084,1,10909.0,6781.0,3934.0,1957.0,,546.0,,68.0
la plata,0497C,2,10298.0,7061.0,2561.0,2309.0,785.0,414.0,400.0,331.0
bahia blanca,0092,2,9747.0,7260.0,2880.0,2089.0,714.0,429.0,683.0,301.0
maipu,0615,2,9225.0,7455.0,3726.0,1599.0,1398.0,160.0,109.0,430.0
comuna 01,0019,1,11251.0,6519.0,3313.0,2378.0,,560.0,,66.0
comuna 05,0062,1,10155.0,7739.0,3544.0,1997.0,,556.0,,58.0
comuna 01,0009,1,11366.0,6647.0,4326.0,1271.0,,308.0,,53.0
la plata,0508,2,9486.0,7132.0,3064.0,2312.0,732.0,434.0,468.0,311.0
comuna 03,0032,1,10955.0,6996.0,3752.0,1615.0,,511.0,,67.0
ensenada,0491A,2,9315.0,7325.0,2113.0,3657.0,564.0,379.0,237.0,273.0
comuna 10,0110,1,10179.0,7521.0,3495.0,2065.0,,487.0,,72.0
pinamar,0339A,2,10810.0,7033.0,2263.0,1808.0,711.0,211.0,368.0,456.0
roque perez,0832,2,9079.0,7339.0,3532.0,1979.0,1059.0,138.0,202.0,328.0
adolfo alsina,0001,2,9322.0,7181.0,3713.0,1546.0,709.0,158.0,466.0,517.0
laprida,0524,2,9048.0,7305.0,3111.0,2979.0,529.0,155.0,144.0,319.0
comuna 04,0051,1,10154.0,6787.0,4165.0,1712.0,,448.0,,60.0
pilar,0769,2,8973.0,7130.0,3511.0,2057.0,648.0,274.0,327.0,236.0
la plata,0505A,2,9170.0,7125.0,2581.0,2603.0,598.0,359.0,443.0,270.0
la plata,0508D,2,10422.0,6136.0,2537.0,2275.0,640.0,279.0,500.0,283.0
zarate,1018,2,8776.0,7006.0,2695.0,2661.0,956.0,322.0,290.0,314.0
comuna 01,0001,1,10515.0,6406.0,3196.0,2144.0,,580.0,,72.0
comuna 14,0156,1,10024.0,6947.0,3420.0,1739.0,,543.0,,59.0
olavarria,0711B,2,9068.0,6690.0,3094.0,1878.0,1104.0,262.0,321.0,236.0
mar chiquita,0622A,2,9169.0,6562.0,2798.0,2390.0,700.0,358.0,303.0,227.0
bahia blanca,0075,2,8680.0,6886.0,3918.0,1198.0,569.0,433.0,521.0,201.0
villarino,1011,2,10066.0,6739.0,2536.0,709.0,995.0,134.0,614.0,605.0
berazategui,0792B,2,8903.0,6588.0,2060.0,2896.0,784.0,349.0,388.0,353.0
florencio varela,0303A,2,8703.0,6773.0,1547.0,3488.0,731.0,237.0,362.0,387.0
bahia blanca,0089,2,8503.0,6802.0,4467.0,931.0,432.0,354.0,400.0,170.0
suipacha,0929,2,8322.0,6873.0,3023.0,2038.0,592.0,160.0,659.0,322.0
la plata,0503A,2,9532.0,6692.0,2477.0,1742.0,587.0,361.0,372.0,194.0
mercedes,0640,2,8407.0,6778.0,3280.0,2011.0,666.0,269.0,334.0,190.0
adolfo gonzales chaves,0424,2,8600.0,6554.0,2632.0,2009.0,662.0,181.0,209.0,1023.0
general paz,0345,2,8082.0,6890.0,3094.0,2411.0,813.0,146.0,126.0,263.0
la plata,0509A,2,9135.0,6456.0,2964.0,1588.0,653.0,315.0,411.0,278.0
la matanza,0631B,2,8234.0,6765.0,3475.0,1880.0,596.0,405.0,286.0,93.0
general la madrid,0330,2,8178.0,6721.0,3487.0,1855.0,511.0,156.0,156.0,401.0
mercedes,0642,2,8245.0,6476.0,3048.0,2076.0,707.0,288.0,381.0,196.0
comuna 04,0044,1,9107.0,6682.0,3156.0,1890.0,,485.0,,53.0
general alvear,0310,2,8242.0,6581.0,3506.0,1321.0,618.0,108.0,502.0,480.0
comuna 01,0002,1,9948.0,5715.0,2736.0,2097.0,,547.0,,60.0
leandro n. alem,0549,2,8092.0,6537.0,2886.0,2398.0,389.0,134.0,258.0,389.0
comuna 03,0040,1,9104.0,6369.0,3218.0,1828.0,,448.0,,45.0
san fernando,0872,2,9982.0,5841.0,2838.0,723.0,728.0,275.0,146.0,139.0
comuna 04,0055,1,9717.0,5074.0,2980.0,2265.0,,452.0,,77.0
la costa,0337C,2,8289.0,6080.0,2758.0,1949.0,534.0,276.0,195.0,341.0
tapalque,0944,2,7755.0,6032.0,2552.0,2141.0,1052.0,86.0,121.0,314.0
hipolito yrigoyen,0742,2,7913.0,6124.0,2863.0,1148.0,305.0,90.0,1150.0,455.0
comuna 13,0134,1,8774.0,5924.0,3920.0,1067.0,,289.0,,49.0
general san martin,0383,2,8875.0,5742.0,2922.0,1108.0,622.0,368.0,286.0,69.0
san nicolas,0902,2,7501.0,6161.0,2793.0,1817.0,691.0,219.0,295.0,297.0
comuna 09,0091,1,8831.0,5803.0,2030.0,2590.0,,404.0,,55.0
lanus,0264,2,7658.0,5904.0,2988.0,1753.0,616.0,418.0,256.0,117.0
la plata,0497B,2,7670.0,6025.0,2686.0,1752.0,638.0,343.0,336.0,216.0
comuna 13,0144,1,8136.0,6244.0,4156.0,717.0,,287.0,,56.0
comuna 13,0140,1,8525.0,5929.0,3726.0,973.0,,351.0,,55.0
comuna 03,0033,1,9280.0,5163.0,3065.0,1452.0,,419.0,,60.0
olavarria,0711A,2,7652.0,5920.0,3117.0,1269.0,787.0,224.0,254.0,160.0
mar chiquita,0619,2,7566.0,5738.0,3001.0,1842.0,537.0,146.0,201.0,250.0
comuna 03,0036,1,8516.0,5826.0,2561.0,1799.0,,486.0,,56.0
florentino ameghino,0361,2,7173.0,6066.0,2956.0,617.0,719.0,128.0,1442.0,143.0
alberti,0010,2,7275.0,6002.0,2899.0,719.0,316.0,95.0,1540.0,397.0
la plata,0508C,2,7546.0,5852.0,2087.0,2170.0,571.0,319.0,360.0,256.0
monte hermoso,0239,2,7807.0,5738.0,2159.0,812.0,226.0,141.0,2023.0,215.0
punta indio,0613,2,7466.0,5899.0,2933.0,1868.0,328.0,200.0,119.0,299.0
comuna 07,0085,1,7953.0,6352.0,3133.0,1275.0,,331.0,,41.0
tornquist,0953,2,7702.0,5754.0,2882.0,679.0,550.0,190.0,1081.0,225.0
comuna 10,0112,1,8529.0,5510.0,2944.0,1544.0,,437.0,,66.0
castelli,0185,2,7342.0,5752.0,2605.0,708.0,262.0,97.0,1602.0,643.0
comuna 01,0007,1,8060.0,5864.0,4199.0,571.0,,178.0,,29.0
la plata,0508E,2,8029.0,5628.0,2211.0,1580.0,547.0,290.0,304.0,189.0
comuna 04,0056,1,8931.0,4862.0,2575.0,1947.0,,353.0,,62.0
comuna 01,0008,1,8798.0,5212.0,3637.0,810.0,,209.0,,40.0
comuna 01,0015,1,8507.0,5373.0,2353.0,1742.0,,410.0,,64.0
la plata,0477,2,7595.0,5341.0,2748.0,1408.0,423.0,426.0,265.0,171.0
comuna 09,0093,1,8360.0,4776.0,2836.0,1870.0,,361.0,,54.0
salliquelo,0746,2,7149.0,5546.0,2836.0,1332.0,333.0,64.0,108.0,817.0
zarate,1015,2,6867.0,5666.0,2637.0,1697.0,664.0,252.0,187.0,191.0
comuna 01,0016,1,8327.0,5187.0,2605.0,1603.0,,383.0,,40.0
lomas de zamora,0592,2,7289.0,5156.0,2924.0,1409.0,578.0,418.0,235.0,91.0
lujan,0599,2,6929.0,5413.0,2408.0,1713.0,738.0,211.0,305.0,260.0
san cayetano,0871,2,6972.0,5230.0,3043.0,932.0,956.0,62.0,66.0,411.0
comuna 02,0020,1,7739.0,4954.0,3665.0,807.0,,167.0,,56.0
general san martin,0382,2,6440.0,5354.0,2792.0,1163.0,605.0,351.0,295.0,83.0
general pinto,0354,2,6462.0,5302.0,1886.0,632.0,2064.0,177.0,156.0,322.0
tres lomas,0744,2,6445.0,5210.0,2208.0,1950.0,444.0,103.0,83.0,373.0
comuna 01,0005,1,7978.0,4808.0,1496.0,2085.0,,314.0,,59.0
san nicolas,0903,2,6555.0,4758.0,1815.0,1959.0,715.0,188.0,265.0,307.0
comuna 04,0045,1,7002.0,4780.0,2259.0,1515.0,,361.0,,53.0
la plata,0519,2,6545.0,4768.0,2223.0,1241.0,299.0,454.0,222.0,124.0
avellaneda,0030,2,6138.0,4879.0,2170.0,1620.0,431.0,347.0,173.0,97.0
general alvarado,0306,2,6041.0,4646.0,1985.0,1388.0,805.0,107.0,167.0,459.0
comuna 01,0018,1,7504.0,3996.0,2182.0,1519.0,,325.0,,57.0
la plata,0508B,2,6153.0,4588.0,1470.0,2049.0,472.0,227.0,356.0,218.0
villarino,1007,2,6171.0,4527.0,1754.0,790.0,1009.0,132.0,353.0,584.0
berisso,0511,2,5787.0,4515.0,1922.0,1564.0,534.0,273.0,279.0,194.0
la plata,0509,2,6871.0,4169.0,1479.0,1356.0,449.0,173.0,221.0,165.0
canuelas,0158A,2,5817.0,4235.0,1079.0,2710.0,318.0,260.0,210.0,183.0
bahia blanca,0088,2,5803.0,4402.0,1951.0,1064.0,476.0,270.0,428.0,163.0
bahia blanca,0079,2,5684.0,4432.0,2468.0,885.0,330.0,250.0,310.0,126.0
general pueyrredon,0369,2,6161.0,4166.0,1737.0,1365.0,395.0,187.0,163.0,170.0
mercedes,0639,2,5599.0,4178.0,1523.0,1833.0,484.0,147.0,269.0,171.0
florencio varela,0302F,2,5490.0,4329.0,946.0,2123.0,444.0,192.0,227.0,314.0
carlos tejedor,0169,2,5283.0,4279.0,1848.0,835.0,419.0,111.0,695.0,323.0
san isidro,0894,2,5905.0,3735.0,3156.0,337.0,178.0,159.0,73.0,72.0
la costa,0337A,2,6281.0,3946.0,1490.0,1097.0,302.0,160.0,94.0,190.0
comuna 12,0131,1,5666.0,4490.0,2220.0,864.0,,244.0,,37.0
coronel de marina l. rosales,0248D,2,5250.0,4072.0,2171.0,706.0,551.0,133.0,183.0,259.0
pellegrini,0743,2,5134.0,3828.0,2389.0,524.0,678.0,60.0,128.0,270.0
comuna 04,0046,1,6034.0,3329.0,1968.0,1312.0,,319.0,,43.0
san nicolas,0911,2,4965.0,4020.0,1686.0,1281.0,506.0,119.0,219.0,202.0
tigre,0533,2,5375.0,3811.0,1182.0,1244.0,643.0,370.0,199.0,140.0
bahia blanca,0078,2,5035.0,3979.0,2440.0,631.0,277.0,237.0,261.0,104.0
la plata,0474,2,5070.0,3790.0,2379.0,846.0,243.0,307.0,194.0,77.0
avellaneda,0026,2,5168.0,3870.0,445.0,2862.0,185.0,105.0,131.0,133.0
puan,0778,2,5277.0,3470.0,2518.0,600.0,460.0,169.0,92.0,136.0
chascomus,0207L,2,4750.0,3961.0,1981.0,1180.0,259.0,125.0,98.0,303.0
la plata,0503,2,4868.0,3725.0,1735.0,1216.0,340.0,233.0,301.0,146.0
esteban echeverria,0287B,2,4666.0,3931.0,2397.0,832.0,298.0,177.0,143.0,63.0
general arenales,0314,2,4790.0,3525.0,1998.0,1123.0,277.0,66.0,135.0,157.0
tigre,0536A,2,4492.0,3763.0,1941.0,722.0,768.0,133.0,105.0,84.0
puan,0776,2,4827.0,3583.0,2206.0,558.0,323.0,135.0,176.0,111.0
trenque lauquen,0961,2,4773.0,3584.0,1716.0,814.0,613.0,73.0,83.0,224.0
villarino,1010,2,4587.0,3584.0,1496.0,665.0,659.0,63.0,195.0,449.0
exaltacion de la cruz,0295,2,4458.0,3514.0,1743.0,922.0,303.0,137.0,110.0,259.0
guamini,0431,2,4371.0,3550.0,1689.0,1124.0,418.0,42.0,63.0,189.0
lujan,0598,2,4472.0,3338.0,1691.0,988.0,454.0,149.0,180.0,142.0
lujan,0602,2,4793.0,3304.0,1447.0,923.0,388.0,125.0,224.0,146.0
veinticinco de mayo,0983,2,4410.0,3327.0,1832.0,913.0,284.0,27.0,373.0,159.0
la plata,0473,2,4450.0,3449.0,1917.0,737.0,256.0,307.0,132.0,75.0
comuna 01,0014,1,5115.0,3242.0,1767.0,809.0,,179.0,,26.0
bahia blanca,0093,2,4440.0,3374.0,1347.0,929.0,358.0,202.0,318.0,162.0
avellaneda,0032,2,4187.0,3412.0,1200.0,1413.0,367.0,206.0,136.0,74.0
general arenales,0316,2,4249.0,3127.0,2196.0,733.0,238.0,50.0,101.0,100.0
lobos,0575,2,4074.0,3283.0,1526.0,1010.0,293.0,106.0,212.0,132.0
coronel suarez,0254,2,4350.0,3002.0,1612.0,649.0,521.0,67.0,79.0,319.0
ramallo,0803,2,3871.0,3248.0,1523.0,1037.0,307.0,48.0,164.0,162.0
canuelas,0158B,2,3950.0,3126.0,841.0,1598.0,282.0,115.0,138.0,141.0
patagones,0732,2,3939.0,3115.0,1733.0,678.0,457.0,55.0,85.0,97.0
san miguel,0401,2,6704.0,2586.0,621.0,88.0,59.0,21.0,23.0,7.0
la plata,0521,2,3874.0,3112.0,1575.0,803.0,212.0,304.0,127.0,67.0
esteban echeverria,0286,2,3736.0,2882.0,684.0,1503.0,269.0,117.0,118.0,169.0
bahia blanca,0077,2,3763.0,2867.0,1388.0,675.0,283.0,135.0,216.0,133.0
florencio varela,0303,2,3952.0,2446.0,767.0,1458.0,316.0,85.0,165.0,188.0
presidente peron,0304C,2,3496.0,2945.0,476.0,1664.0,329.0,138.0,143.0,167.0
la plata,0517,2,3725.0,2618.0,1551.0,646.0,165.0,282.0,131.0,77.0
la plata,0518,2,4207.0,2571.0,1236.0,577.0,178.0,221.0,86.0,57.0
leandro n. alem,0552,2,3470.0,2813.0,1215.0,1100.0,228.0,57.0,85.0,92.0
olavarria,0715,2,3528.0,2764.0,1252.0,734.0,502.0,45.0,127.0,84.0
olavarria,0717,2,3483.0,2779.0,1111.0,946.0,383.0,72.0,175.0,58.0
la plata,0496E,2,3444.0,2778.0,1105.0,924.0,237.0,208.0,147.0,131.0
la matanza,0632B,2,3299.0,2802.0,1208.0,910.0,297.0,204.0,122.0,46.0
san fernando,0873,2,3347.0,2729.0,1642.0,357.0,423.0,135.0,81.0,71.0
la plata,0488,2,3340.0,2709.0,1422.0,635.0,197.0,247.0,117.0,63.0
pinamar,0339B,2,3515.0,2560.0,1353.0,583.0,236.0,109.0,115.0,128.0
zarate,1016,2,3277.0,2670.0,1144.0,895.0,293.0,124.0,91.0,99.0
olavarria,0719,2,3311.0,2599.0,1181.0,748.0,381.0,97.0,118.0,63.0
azul,0067,2,3230.0,2527.0,1191.0,692.0,389.0,53.0,69.0,122.0
la plata,0481,2,3237.0,2535.0,1291.0,534.0,166.0,195.0,125.0,49.0
adolfo alsina,0003,2,3112.0,2477.0,1443.0,516.0,268.0,46.0,106.0,89.0
la plata,0505B,2,3754.0,2308.0,538.0,817.0,240.0,113.0,173.0,80.0
canuelas,0158,2,3150.0,2269.0,1225.0,804.0,238.0,114.0,109.0,51.0
san fernando,0880B,2,3041.0,2434.0,998.0,677.0,455.0,122.0,82.0,87.0
la plata,0484,2,3467.0,2166.0,1222.0,513.0,151.0,208.0,97.0,56.0
pila,0765,2,2945.0,2483.0,1106.0,920.0,192.0,35.0,42.0,153.0
san isidro,0890,2,3025.0,2364.0,1562.0,365.0,177.0,112.0,62.0,73.0
carlos tejedor,0173,2,3020.0,2205.0,1156.0,245.0,243.0,29.0,711.0,118.0
villarino,1011A,2,2914.0,2407.0,1022.0,582.0,393.0,46.0,105.0,239.0
la plata,0476,2,2953.0,2350.0,1362.0,501.0,145.0,158.0,108.0,66.0
la plata,0486,2,2848.0,2349.0,1170.0,560.0,156.0,260.0,116.0,64.0
general arenales,0318,2,2873.0,2318.0,1298.0,648.0,177.0,43.0,63.0,81.0
chascomus,0203,2,2985.0,2120.0,1061.0,668.0,306.0,72.0,66.0,215.0
la plata,0482,2,2903.0,2303.0,1255.0,517.0,166.0,186.0,111.0,50.0
azul,0062,2,2947.0,2231.0,1304.0,449.0,262.0,45.0,72.0,98.0
mar chiquita,0620,2,2866.0,2276.0,1294.0,621.0,167.0,38.0,47.0,96.0
la plata,0483,2,2748.0,2243.0,1253.0,483.0,174.0,171.0,96.0,60.0
la plata,0516,2,2858.0,2174.0,1214.0,453.0,142.0,192.0,98.0,53.0
benito juarez,0439,2,2804.0,2186.0,903.0,660.0,270.0,63.0,52.0,239.0
lincoln,0562,2,2842.0,2025.0,1329.0,521.0,230.0,26.0,129.0,74.0
la plata,0497F,2,3004.0,1929.0,883.0,613.0,247.0,117.0,152.0,175.0
la plata,0480,2,2856.0,2001.0,1217.0,485.0,174.0,210.0,113.0,55.0
magdalena,0604,2,2726.0,2196.0,1130.0,522.0,304.0,67.0,69.0,92.0
san fernando,0880A,2,2658.0,2217.0,552.0,872.0,420.0,80.0,108.0,181.0
general lavalle,0338,2,2755.0,2141.0,1122.0,391.0,409.0,24.0,43.0,91.0
guamini,0430,2,2743.0,2134.0,1006.0,636.0,173.0,51.0,56.0,176.0
necochea,0691,2,2701.0,2067.0,1248.0,427.0,244.0,35.0,37.0,57.0
la plata,0468,2,3265.0,1891.0,857.0,375.0,101.0,142.0,66.0,37.0
san nicolas,0906,2,2479.0,2030.0,966.0,661.0,198.0,47.0,64.0,78.0
bolivar,0132,2,2525.0,1995.0,1132.0,183.0,155.0,31.0,401.0,73.0
la plata,0487,2,2438.0,1998.0,1062.0,470.0,134.0,178.0,85.0,57.0
la plata,0466,2,3113.0,1559.0,1041.0,303.0,104.0,131.0,54.0,22.0
la plata,0485,2,2456.0,1944.0,975.0,494.0,105.0,189.0,106.0,52.0
san pedro,0917,2,2455.0,1859.0,826.0,783.0,166.0,30.0,52.0,110.0
leandro n. alem,0551,2,2401.0,1932.0,944.0,651.0,117.0,40.0,63.0,109.0
mercedes,0641,2,2395.0,1909.0,949.0,547.0,185.0,71.0,89.0,62.0
la plata,0508F,2,2944.0,1629.0,586.0,490.0,169.0,93.0,154.0,71.0
nueve de julio,0706,2,2331.0,1851.0,1010.0,479.0,219.0,33.0,62.0,45.0
baradero,0107,2,2396.0,1850.0,640.0,535.0,270.0,58.0,109.0,110.0
tornquist,0955A,2,2311.0,1818.0,1009.0,288.0,222.0,115.0,132.0,30.0
bragado,0143,2,2247.0,1831.0,910.0,562.0,149.0,44.0,124.0,39.0
chivilcoy,0222,2,2224.0,1771.0,683.0,178.0,488.0,12.0,334.0,76.0
san vicente,0926,2,2259.0,1560.0,644.0,642.0,270.0,59.0,78.0,222.0
san fernando,0876,2,2211.0,1740.0,595.0,548.0,322.0,79.0,75.0,113.0
san fernando,0874,2,2371.0,1529.0,732.0,491.0,335.0,92.0,59.0,73.0
general arenales,0317,2,2105.0,1770.0,969.0,475.0,185.0,27.0,36.0,70.0
coronel suarez,0258A,2,2122.0,1758.0,573.0,389.0,405.0,61.0,55.0,247.0
la plata,0464,2,2244.0,1520.0,1005.0,411.0,106.0,141.0,78.0,41.0
olavarria,0716,2,2262.0,1654.0,804.0,379.0,250.0,38.0,79.0,78.0
brandsen,0150,2,2071.0,1741.0,812.0,555.0,160.0,79.0,52.0,65.0
san pedro,0922,2,2239.0,1503.0,872.0,484.0,238.0,42.0,64.0,80.0
tres arroyos,0972,2,2160.0,1646.0,787.0,436.0,262.0,19.0,45.0,73.0
lujan,0600,2,2469.0,1361.0,785.0,357.0,195.0,35.0,98.0,110.0
villarino,1008,2,2031.0,1691.0,884.0,297.0,252.0,31.0,58.0,162.0
la plata,0469,2,2176.0,1636.0,831.0,417.0,89.0,127.0,79.0,46.0
bahia blanca,0080,2,2192.0,1539.0,932.0,182.0,157.0,66.0,128.0,59.0
general villegas,0416,2,2091.0,1578.0,795.0,289.0,329.0,30.0,49.0,79.0
saavedra,0839,2,2155.0,1536.0,725.0,460.0,145.0,82.0,64.0,45.0
la plata,0467,2,2055.0,1580.0,957.0,290.0,103.0,122.0,67.0,37.0
patagones,0731,2,2149.0,1527.0,804.0,410.0,200.0,31.0,26.0,47.0
daireaux,0183,2,1965.0,1597.0,865.0,500.0,91.0,18.0,36.0,82.0
chacabuco,0197,2,1933.0,1590.0,944.0,347.0,100.0,23.0,125.0,49.0
exaltacion de la cruz,0294,2,1963.0,1570.0,678.0,478.0,137.0,64.0,62.0,135.0
comuna 01,0004,1,2154.0,1565.0,1176.0,126.0,,19.0,,16.0
la plata,0465,2,1904.0,1558.0,921.0,310.0,96.0,108.0,72.0,43.0
avellaneda,0031,2,2462.0,1476.0,477.0,327.0,113.0,70.0,35.0,43.0
comuna 01,0003,1,2203.0,1380.0,1221.0,131.0,,18.0,,15.0
san nicolas,0910,2,1891.0,1528.0,880.0,265.0,201.0,50.0,79.0,41.0
necochea,0687,2,2018.0,1314.0,880.0,401.0,179.0,28.0,52.0,36.0
la plata,0460,2,1923.0,1465.0,808.0,352.0,89.0,106.0,62.0,35.0
la plata,0471,2,1900.0,1468.0,751.0,388.0,113.0,103.0,71.0,32.0
puan,0780,2,1893.0,1446.0,883.0,172.0,114.0,136.0,71.0,63.0
tandil,0937,2,1990.0,1248.0,684.0,454.0,185.0,37.0,82.0,84.0
pehuajo,0739,2,1961.0,1231.0,843.0,378.0,139.0,37.0,38.0,78.0
lujan,0603,2,1799.0,1429.0,414.0,483.0,207.0,56.0,133.0,116.0
nueve de julio,0703,2,1806.0,1415.0,804.0,370.0,110.0,26.0,59.0,46.0
mercedes,0643,2,1787.0,1424.0,490.0,577.0,131.0,63.0,96.0,62.0
lincoln,0566,2,1880.0,1233.0,968.0,327.0,121.0,18.0,53.0,21.0
junin,0445,2,1925.0,1204.0,554.0,557.0,158.0,49.0,69.0,59.0
general villegas,0415,2,1832.0,1366.0,705.0,154.0,394.0,20.0,28.0,62.0
san fernando,0875,2,1727.0,1405.0,715.0,279.0,245.0,80.0,47.0,33.0
malvinas argentinas,0399C,2,1697.0,1385.0,337.0,638.0,217.0,66.0,68.0,50.0
la plata,0462,2,1770.0,1324.0,823.0,249.0,75.0,84.0,54.0,31.0
adolfo gonzales chaves,0427,2,1666.0,1373.0,530.0,444.0,174.0,25.0,27.0,170.0
coronel dorrego,0238,2,1699.0,1353.0,728.0,350.0,126.0,25.0,47.0,74.0
mar chiquita,0622B,2,1737.0,1331.0,682.0,361.0,120.0,59.0,60.0,46.0
coronel suarez,0253,2,1683.0,1360.0,415.0,330.0,225.0,56.0,35.0,274.0
general viamonte,0408,2,1639.0,1370.0,705.0,421.0,116.0,25.0,60.0,41.0
lincoln,0563,2,1686.0,1338.0,734.0,293.0,168.0,35.0,59.0,48.0
pehuajo,0741,2,1679.0,1339.0,706.0,422.0,106.0,15.0,41.0,51.0
salto,0855,2,1686.0,1306.0,796.0,257.0,83.0,46.0,66.0,58.0
veinticinco de mayo,0984,2,1634.0,1322.0,819.0,231.0,117.0,25.0,67.0,62.0
tordillo,0951,2,1515.0,1320.0,566.0,417.0,199.0,9.0,17.0,93.0
coronel suarez,0258B,2,1658.0,1084.0,383.0,374.0,245.0,42.0,47.0,275.0
mar chiquita,0622,2,1800.0,1224.0,508.0,335.0,104.0,43.0,28.0,64.0
loberia,0572,2,1578.0,1255.0,766.0,253.0,132.0,25.0,46.0,25.0
general guido,0326,2,1529.0,1260.0,751.0,177.0,63.0,25.0,118.0,100.0
tres arroyos,0973A,2,1610.0,1203.0,565.0,304.0,183.0,32.0,25.0,80.0
guamini,0432,2,1621.0,1026.0,628.0,417.0,128.0,25.0,33.0,68.0
tornquist,0955,2,1584.0,1112.0,629.0,196.0,139.0,31.0,182.0,58.0
la plata,0461,2,1569.0,1163.0,697.0,214.0,79.0,87.0,52.0,27.0
pergamino,0751,2,1481.0,1198.0,728.0,210.0,108.0,48.0,60.0,37.0
general alvarado,0307,2,1492.0,1178.0,725.0,136.0,187.0,20.0,25.0,84.0
san pedro,0914,2,1614.0,993.0,544.0,440.0,123.0,14.0,47.0,60.0
bolivar,0133,2,1435.0,1152.0,538.0,105.0,80.0,19.0,351.0,55.0
ramallo,0800,2,1417.0,1137.0,359.0,482.0,130.0,28.0,49.0,76.0
general pinto,0357,2,1340.0,1137.0,397.0,203.0,445.0,17.0,23.0,46.0
lincoln,0561,2,1397.0,1101.0,530.0,341.0,114.0,29.0,60.0,25.0
pehuajo,0738,2,1367.0,1104.0,514.0,343.0,143.0,16.0,43.0,45.0
coronel de marina l. rosales,0248F,2,1498.0,991.0,769.0,43.0,88.0,13.0,27.0,45.0
coronel de marina l. rosales,0249A,2,1538.0,681.0,714.0,181.0,115.0,38.0,72.0,82.0
san nicolas,0907,2,1307.0,1053.0,317.0,430.0,139.0,38.0,52.0,75.0
la plata,0472,2,1368.0,1026.0,490.0,260.0,70.0,111.0,45.0,40.0
junin,0446,2,1392.0,991.0,469.0,278.0,129.0,34.0,43.0,43.0
rivadavia,0817,2,1222.0,1017.0,480.0,166.0,233.0,31.0,49.0,54.0
chacabuco,0190,2,1226.0,1002.0,654.0,170.0,83.0,22.0,38.0,28.0
san nicolas,0908,2,1232.0,993.0,381.0,338.0,98.0,42.0,76.0,57.0
baradero,0113,2,1216.0,983.0,340.0,370.0,110.0,15.0,56.0,82.0
san antonio de areco,0870,2,1187.0,998.0,386.0,378.0,102.0,23.0,62.0,31.0
san andres de giles,0864,2,1218.0,961.0,260.0,385.0,193.0,5.0,51.0,67.0
saladillo,0849,2,1210.0,910.0,476.0,266.0,75.0,21.0,31.0,38.0
pergamino,0753,2,1221.0,830.0,500.0,209.0,67.0,24.0,135.0,25.0
rivadavia,0820,2,1171.0,915.0,524.0,131.0,159.0,16.0,33.0,49.0
general villegas,0418,2,1187.0,902.0,473.0,91.0,259.0,21.0,36.0,21.0
canuelas,0159,2,1177.0,897.0,408.0,301.0,84.0,28.0,56.0,20.0
general las heras,0548,2,1079.0,935.0,246.0,380.0,195.0,27.0,26.0,54.0
rojas,0830,2,1105.0,905.0,604.0,157.0,77.0,11.0,29.0,23.0
general pinto,0359,2,1109.0,902.0,482.0,61.0,296.0,9.0,16.0,34.0
pergamino,0749,2,1093.0,875.0,502.0,188.0,83.0,27.0,59.0,5.0
general villegas,0413,2,1097.0,860.0,457.0,126.0,196.0,11.0,18.0,49.0
adolfo alsina,0005,2,1126.0,843.0,606.0,113.0,66.0,8.0,22.0,28.0
general lavalle,0338A,2,1057.0,881.0,389.0,197.0,202.0,16.0,23.0,40.0
lincoln,0564,2,1046.0,877.0,456.0,224.0,113.0,20.0,41.0,21.0
bragado,0137,2,1077.0,860.0,304.0,343.0,56.0,32.0,93.0,31.0
punta indio,0613A,2,1044.0,827.0,413.0,286.0,42.0,23.0,16.0,46.0
la plata,0463,2,1051.0,808.0,529.0,133.0,50.0,50.0,27.0,17.0
tres arroyos,0975,2,1064.0,774.0,344.0,175.0,118.0,52.0,33.0,47.0
olavarria,0714,2,1023.0,787.0,313.0,249.0,90.0,36.0,50.0,42.0
coronel pringles,0243,2,991.0,789.0,416.0,219.0,80.0,9.0,17.0,46.0
pergamino,0756,2,999.0,788.0,490.0,152.0,73.0,15.0,30.0,9.0
salto,0857,2,1002.0,772.0,403.0,169.0,102.0,7.0,39.0,52.0
junin,0450,2,966.0,791.0,423.0,164.0,146.0,11.0,28.0,16.0
junin,0451,2,964.0,777.0,394.0,220.0,75.0,18.0,30.0,28.0
general paz,0351,2,924.0,766.0,344.0,228.0,123.0,16.0,23.0,30.0
rojas,0827,2,934.0,756.0,442.0,144.0,86.0,17.0,31.0,35.0
pergamino,0754A,2,942.0,752.0,461.0,114.0,76.0,17.0,34.0,45.0
patagones,0733,2,919.0,761.0,428.0,171.0,81.0,13.0,25.0,35.0
puan,0777,2,961.0,734.0,462.0,97.0,85.0,48.0,21.0,18.0
la plata,0498,2,966.0,730.0,275.0,270.0,75.0,24.0,49.0,37.0
guamini,0434,2,910.0,753.0,323.0,238.0,113.0,14.0,9.0,55.0
lobos,0578,2,933.0,741.0,504.0,100.0,61.0,19.0,33.0,23.0
la matanza,0635F,2,964.0,704.0,217.0,329.0,78.0,40.0,32.0,6.0
general guido,0327,2,903.0,733.0,364.0,195.0,42.0,22.0,68.0,39.0
san fernando,0882A,2,1111.0,625.0,272.0,167.0,87.0,15.0,51.0,33.0
brandsen,0151,2,892.0,726.0,351.0,230.0,62.0,29.0,24.0,30.0
junin,0447,2,907.0,699.0,310.0,216.0,77.0,19.0,32.0,36.0
san pedro,0915,2,909.0,697.0,366.0,151.0,73.0,17.0,31.0,50.0
coronel dorrego,0237,2,882.0,702.0,297.0,220.0,73.0,14.0,42.0,51.0
mercedes,0644,2,895.0,687.0,327.0,166.0,99.0,20.0,51.0,21.0
saavedra,0842,2,861.0,705.0,417.0,130.0,104.0,14.0,17.0,14.0
trenque lauquen,0958,2,922.0,660.0,295.0,190.0,87.0,16.0,27.0,42.0
general paz,0348,2,823.0,705.0,333.0,258.0,68.0,10.0,18.0,17.0
san andres de giles,0863,2,835.0,678.0,326.0,190.0,83.0,10.0,28.0,41.0
magdalena,0605,2,790.0,643.0,300.0,189.0,69.0,36.0,27.0,19.0
san antonio de areco,0869,2,764.0,654.0,355.0,174.0,65.0,20.0,22.0,18.0
nueve de julio,0699,2,824.0,617.0,307.0,169.0,57.0,17.0,38.0,28.0
veinticinco de mayo,0988,2,785.0,635.0,353.0,161.0,64.0,6.0,12.0,39.0
lujan,0601,2,817.0,616.0,304.0,163.0,57.0,26.0,39.0,24.0
pergamino,0755,2,785.0,604.0,371.0,92.0,51.0,24.0,42.0,20.0
pergamino,0758,2,742.0,597.0,367.0,116.0,61.0,16.0,16.0,20.0
pergamino,0759,2,839.0,398.0,362.0,179.0,72.0,19.0,27.0,9.0
general pinto,0360,2,674.0,587.0,278.0,108.0,148.0,16.0,12.0,25.0
chascomus,0202,2,677.0,562.0,240.0,155.0,73.0,18.0,14.0,62.0
punta indio,0613B,2,690.0,553.0,228.0,255.0,17.0,28.0,11.0,14.0
puan,0782,2,696.0,547.0,348.0,65.0,78.0,32.0,18.0,5.0
florentino ameghino,0362,2,662.0,552.0,327.0,66.0,63.0,6.0,81.0,8.0
salto,0856,2,654.0,550.0,309.0,92.0,46.0,14.0,55.0,33.0
tandil,0940,2,697.0,528.0,280.0,93.0,79.0,20.0,37.0,18.0
nueve de julio,0698,2,674.0,537.0,191.0,189.0,101.0,3.0,15.0,36.0
monte,0661,2,680.0,531.0,225.0,174.0,67.0,12.0,29.0,24.0
alberti,0014,2,631.0,552.0,281.0,43.0,22.0,11.0,163.0,31.0
carlos tejedor,0172,2,650.0,539.0,196.0,201.0,41.0,11.0,29.0,57.0
san pedro,0920,2,648.0,530.0,273.0,165.0,39.0,8.0,18.0,22.0
san antonio de areco,0867,2,654.0,526.0,232.0,190.0,43.0,16.0,14.0,24.0
navarro,0681,2,688.0,504.0,200.0,204.0,39.0,17.0,27.0,11.0
lobos,0577,2,633.0,515.0,347.0,97.0,34.0,8.0,17.0,12.0
salliquelo,0746A,2,612.0,522.0,257.0,150.0,41.0,7.0,8.0,58.0
suipacha,0931,2,702.0,412.0,246.0,185.0,46.0,4.0,48.0,5.0
general villegas,0420,2,615.0,502.0,286.0,62.0,104.0,9.0,22.0,17.0
bartolome mitre,0118,2,617.0,499.0,281.0,105.0,39.0,12.0,32.0,29.0
tres arroyos,0969,2,627.0,493.0,162.0,87.0,159.0,7.0,19.0,54.0
veinticinco de mayo,0991,2,591.0,505.0,257.0,174.0,34.0,9.0,18.0,13.0
general la madrid,0334,2,606.0,497.0,238.0,172.0,43.0,9.0,11.0,19.0
chacabuco,0198,2,612.0,491.0,287.0,113.0,11.0,6.0,55.0,18.0
balcarce,0099,2,634.0,478.0,268.0,65.0,71.0,13.0,44.0,17.0
bragado,0140,2,600.0,477.0,244.0,153.0,41.0,5.0,21.0,13.0
carlos casares,0165,2,580.0,483.0,243.0,51.0,43.0,4.0,116.0,25.0
ramallo,0804,2,593.0,476.0,260.0,98.0,71.0,8.0,16.0,20.0
lincoln,0559,2,591.0,476.0,237.0,145.0,53.0,13.0,19.0,6.0
daireaux,0180,2,554.0,480.0,284.0,109.0,37.0,4.0,14.0,30.0
navarro,0676,2,590.0,461.0,221.0,137.0,29.0,6.0,34.0,31.0
tornquist,0955B,2,563.0,456.0,238.0,94.0,25.0,34.0,50.0,8.0
carmen de areco,0176,2,587.0,452.0,204.0,133.0,27.0,7.0,31.0,21.0
san fernando,0881,2,793.0,333.0,101.0,105.0,43.0,18.0,27.0,39.0
necochea,0692,2,573.0,437.0,258.0,91.0,58.0,5.0,6.0,19.0
adolfo alsina,0007,2,576.0,430.0,218.0,92.0,66.0,10.0,19.0,24.0
olavarria,0718,2,536.0,447.0,117.0,184.0,95.0,9.0,26.0,15.0
necochea,0688,2,593.0,420.0,224.0,96.0,57.0,5.0,16.0,18.0
san andres de giles,0861,2,527.0,447.0,223.0,98.0,76.0,17.0,13.0,20.0
nueve de julio,0701,2,545.0,431.0,238.0,126.0,31.0,6.0,19.0,11.0
general alvarado,0308,2,561.0,417.0,178.0,116.0,73.0,19.0,15.0,15.0
exaltacion de la cruz,0297,2,538.0,435.0,185.0,119.0,30.0,9.0,16.0,61.0
tres arroyos,0973,2,517.0,425.0,172.0,104.0,97.0,2.0,11.0,33.0
saavedra,0841,2,515.0,423.0,210.0,106.0,73.0,3.0,7.0,12.0
carlos tejedor,0170,2,523.0,410.0,211.0,94.0,26.0,15.0,46.0,17.0
saavedra,0843,2,507.0,408.0,254.0,61.0,57.0,12.0,8.0,10.0
lobos,0579,2,509.0,400.0,219.0,88.0,52.0,13.0,22.0,4.0
saladillo,0849A,2,511.0,399.0,235.0,62.0,60.0,11.0,11.0,13.0
tornquist,0954,2,525.0,388.0,244.0,22.0,19.0,14.0,72.0,17.0
la plata,0508G,2,519.0,386.0,112.0,170.0,41.0,9.0,29.0,23.0
navarro,0683,2,468.0,406.0,171.0,86.0,34.0,6.0,88.0,15.0
maipu,0616,2,482.0,395.0,189.0,76.0,95.0,15.0,2.0,18.0
bartolome mitre,0120,2,480.0,394.0,236.0,73.0,36.0,8.0,29.0,12.0
pinamar,0339C,2,517.0,376.0,278.0,48.0,17.0,11.0,13.0,7.0
baradero,0110,2,467.0,386.0,192.0,81.0,41.0,1.0,47.0,24.0
alberti,0011,2,448.0,392.0,82.0,95.0,15.0,5.0,185.0,10.0
nueve de julio,0700,2,557.0,246.0,223.0,77.0,53.0,16.0,10.0,17.0
general villegas,0419,2,474.0,362.0,159.0,38.0,125.0,7.0,13.0,20.0
lincoln,0567A,2,462.0,366.0,252.0,66.0,20.0,8.0,9.0,9.0
puan,0779,2,456.0,367.0,276.0,26.0,40.0,8.0,12.0,4.0
carlos casares,0165B,2,471.0,355.0,164.0,67.0,26.0,7.0,58.0,33.0
patagones,0731A,2,593.0,173.0,266.0,107.0,22.0,7.0,4.0,6.0
junin,0452,2,445.0,366.0,234.0,56.0,59.0,3.0,9.0,5.0
pergamino,0754,2,463.0,357.0,205.0,77.0,23.0,9.0,32.0,8.0
rivadavia,0816,2,445.0,362.0,192.0,49.0,88.0,4.0,17.0,12.0
la plata,0497A,2,495.0,330.0,132.0,93.0,42.0,12.0,21.0,27.0
coronel de marina l. rosales,0248A,2,450.0,335.0,179.0,86.0,22.0,11.0,26.0,9.0
bragado,0145,2,422.0,344.0,223.0,73.0,24.0,6.0,11.0,6.0
balcarce,0101,2,459.0,327.0,178.0,47.0,54.0,6.0,25.0,4.0
veinticinco de mayo,0985,2,429.0,331.0,156.0,85.0,38.0,7.0,31.0,13.0
bragado,0144,2,419.0,329.0,233.0,47.0,26.0,4.0,12.0,7.0
san andres de giles,0863A,2,405.0,326.0,126.0,132.0,37.0,4.0,5.0,19.0
nueve de julio,0705A,2,383.0,324.0,169.0,75.0,44.0,13.0,14.0,5.0
carlos casares,0167,2,497.0,115.0,168.0,39.0,22.0,10.0,162.0,13.0
baradero,0106,2,395.0,304.0,137.0,73.0,35.0,11.0,9.0,39.0
carlos tejedor,0171,2,356.0,323.0,166.0,84.0,32.0,1.0,22.0,18.0
saladillo,0850,2,400.0,302.0,162.0,83.0,20.0,6.0,14.0,12.0
san nicolas,0909,2,490.0,117.0,213.0,56.0,70.0,15.0,18.0,19.0
exaltacion de la cruz,0296,2,395.0,297.0,142.0,76.0,27.0,4.0,13.0,34.0
loberia,0568A,2,390.0,297.0,132.0,117.0,25.0,10.0,3.0,8.0
zarate,1019,2,376.0,304.0,132.0,99.0,36.0,6.0,14.0,14.0
lobos,0581,2,378.0,296.0,198.0,46.0,19.0,4.0,21.0,8.0
roque perez,0836,2,372.0,294.0,95.0,125.0,53.0,2.0,8.0,7.0
chivilcoy,0218,2,354.0,297.0,112.0,50.0,51.0,3.0,65.0,16.0
saladillo,0847,2,356.0,292.0,162.0,72.0,30.0,4.0,7.0,12.0
general viamonte,0409,2,357.0,287.0,180.0,66.0,28.0,2.0,3.0,7.0
magdalena,0609,2,370.0,270.0,153.0,43.0,41.0,9.0,15.0,9.0
nueve de julio,0707,2,348.0,277.0,165.0,46.0,28.0,8.0,18.0,9.0
tapalque,0949,2,346.0,275.0,88.0,137.0,29.0,2.0,3.0,14.0
general arenales,0316A,2,330.0,282.0,141.0,100.0,19.0,1.0,14.0,7.0
general la madrid,0335,2,337.0,274.0,169.0,59.0,29.0,6.0,3.0,7.0
marcos paz,0624A,2,400.0,238.0,81.0,95.0,27.0,10.0,17.0,8.0
tres arroyos,0975B,2,403.0,157.0,153.0,102.0,39.0,7.0,8.0,5.0
leandro n. alem,0553,2,328.0,272.0,128.0,109.0,14.0,6.0,3.0,12.0
mercedes,0646,2,352.0,256.0,123.0,67.0,35.0,4.0,20.0,7.0
monte,0657,2,327.0,255.0,145.0,59.0,22.0,3.0,12.0,12.0
veinticinco de mayo,0990,2,320.0,257.0,165.0,33.0,35.0,3.0,1.0,20.0
balcarce,0100,2,330.0,253.0,160.0,37.0,27.0,9.0,13.0,0.0
junin,0456,2,327.0,250.0,141.0,62.0,15.0,8.0,14.0,8.0
balcarce,0103A,2,313.0,255.0,171.0,21.0,31.0,10.0,16.0,6.0
lobos,0576,2,373.0,146.0,152.0,67.0,28.0,7.0,24.0,10.0
general paz,0347,2,306.0,247.0,97.0,90.0,40.0,6.0,4.0,7.0
san fernando,0882,2,406.0,194.0,71.0,54.0,27.0,11.0,21.0,10.0
brandsen,0152,2,304.0,238.0,99.0,86.0,29.0,10.0,4.0,8.0
pergamino,0747A,2,294.0,235.0,147.0,40.0,23.0,7.0,12.0,6.0
pehuajo,0740,2,301.0,233.0,102.0,78.0,24.0,3.0,12.0,9.0
carlos casares,0167A,2,287.0,236.0,116.0,38.0,23.0,1.0,34.0,24.0
veinticinco de mayo,0989,2,284.0,233.0,108.0,70.0,21.0,10.0,11.0,12.0
general villegas,0417,2,303.0,219.0,141.0,26.0,40.0,1.0,9.0,2.0
capitan sarmiento,0122,2,282.0,230.0,110.0,75.0,20.0,6.0,4.0,13.0
lujan,0597,2,284.0,225.0,169.0,32.0,11.0,3.0,5.0,2.0
brandsen,0153,2,272.0,229.0,123.0,67.0,17.0,4.0,4.0,12.0
general la madrid,0332,2,279.0,227.0,108.0,75.0,21.0,3.0,6.0,9.0
las flores,0543,2,286.0,220.0,106.0,42.0,51.0,5.0,9.0,7.0
chivilcoy,0224,2,272.0,225.0,88.0,21.0,62.0,0.0,50.0,4.0
roque perez,0834,2,293.0,213.0,123.0,43.0,29.0,3.0,8.0,7.0
olavarria,0723,2,292.0,211.0,98.0,34.0,60.0,2.0,16.0,1.0
nueve de julio,0709,2,273.0,217.0,134.0,28.0,35.0,4.0,6.0,10.0
general lavalle,0338B,2,286.0,210.0,107.0,53.0,32.0,10.0,4.0,4.0
general belgrano,0324,2,266.0,219.0,126.0,56.0,11.0,2.0,20.0,3.0
laprida,0528,2,266.0,220.0,89.0,91.0,20.0,8.0,6.0,3.0
general villegas,0414,2,283.0,210.0,72.0,29.0,61.0,6.0,28.0,10.0
general viamonte,0406,2,275.0,208.0,112.0,60.0,14.0,10.0,5.0,7.0
saavedra,0844,2,279.0,207.0,107.0,64.0,18.0,4.0,9.0,2.0
rivadavia,0819,2,279.0,205.0,125.0,32.0,23.0,5.0,10.0,10.0
bolivar,0127,2,263.0,213.0,80.0,18.0,9.0,1.0,101.0,1.0
coronel de marina l. rosales,0249,2,269.0,208.0,120.0,40.0,26.0,2.0,14.0,6.0
coronel de marina l. rosales,0249B,2,261.0,206.0,106.0,47.0,30.0,3.0,9.0,10.0
exaltacion de la cruz,0298,2,269.0,201.0,120.0,39.0,19.0,4.0,5.0,14.0
punta indio,0612,2,252.0,196.0,112.0,50.0,14.0,3.0,4.0,11.0
lobos,0580,2,252.0,195.0,122.0,31.0,21.0,7.0,10.0,2.0
san pedro,0918,2,270.0,183.0,99.0,45.0,14.0,4.0,11.0,9.0
chascomus,0209,2,235.0,191.0,96.0,47.0,19.0,13.0,6.0,9.0
pehuajo,0735,2,231.0,197.0,78.0,88.0,10.0,1.0,10.0,1.0
general villegas,0421,2,232.0,187.0,100.0,18.0,62.0,0.0,3.0,4.0
villarino,1009,2,234.0,182.0,133.0,13.0,12.0,2.0,5.0,17.0
tornquist,0956,2,244.0,176.0,99.0,24.0,21.0,1.0,30.0,1.0
bragado,0141,2,243.0,176.0,67.0,74.0,17.0,2.0,7.0,9.0
balcarce,0104,2,241.0,173.0,107.0,31.0,13.0,4.0,14.0,3.0
baradero,0111,2,219.0,183.0,87.0,32.0,16.0,10.0,16.0,22.0
navarro,0678,2,226.0,172.0,90.0,40.0,12.0,5.0,16.0,8.0
general viamonte,0405,2,244.0,164.0,78.0,62.0,6.0,2.0,10.0,2.0
colon,0231,2,211.0,176.0,62.0,58.0,8.0,2.0,32.0,14.0
adolfo gonzales chaves,0428,2,207.0,182.0,39.0,59.0,20.0,1.0,1.0,52.0
brandsen,0153A,2,213.0,173.0,94.0,30.0,11.0,6.0,5.0,26.0
navarro,0681A,2,214.0,172.0,67.0,64.0,13.0,0.0,19.0,9.0
general las heras,0548A,2,293.0,0.0,118.0,61.0,55.0,1.0,6.0,11.0
dolores,0285,2,213.0,162.0,81.0,56.0,9.0,3.0,6.0,4.0
monte,0660,2,223.0,156.0,106.0,25.0,13.0,3.0,8.0,0.0
alberti,0012,2,287.0,0.0,95.0,40.0,11.0,4.0,76.0,16.0
olavarria,0725,2,220.0,153.0,90.0,22.0,30.0,3.0,4.0,4.0
coronel suarez,0256A,2,200.0,161.0,84.0,38.0,17.0,7.0,7.0,8.0
mercedes,0648,2,200.0,161.0,70.0,52.0,19.0,3.0,7.0,8.0
coronel suarez,0258,2,193.0,164.0,67.0,29.0,34.0,3.0,2.0,27.0
carmen de areco,0177,2,204.0,157.0,75.0,44.0,16.0,3.0,7.0,11.0
daireaux,0181,2,202.0,158.0,78.0,45.0,10.0,3.0,2.0,18.0
brandsen,0149,2,206.0,155.0,78.0,52.0,11.0,4.0,4.0,6.0
chivilcoy,0221,2,206.0,154.0,68.0,10.0,30.0,1.0,39.0,6.0
alberti,0013,2,189.0,160.0,107.0,8.0,10.0,6.0,27.0,1.0
lincoln,0565,2,197.0,156.0,80.0,36.0,22.0,6.0,4.0,6.0
carlos casares,0166,2,194.0,153.0,65.0,14.0,17.0,0.0,49.0,7.0
pergamino,0752,2,196.0,150.0,85.0,33.0,7.0,7.0,15.0,3.0
tandil,0938,2,205.0,141.0,71.0,25.0,26.0,4.0,8.0,7.0
mercedes,0645,2,199.0,145.0,56.0,40.0,19.0,2.0,18.0,8.0
olavarria,0712,2,199.0,141.0,54.0,46.0,27.0,1.0,5.0,6.0
san andres de giles,0862A,2,189.0,137.0,61.0,43.0,20.0,3.0,3.0,7.0
la plata,0496F,2,173.0,145.0,63.0,41.0,14.0,7.0,7.0,12.0
navarro,0680,2,170.0,145.0,95.0,24.0,14.0,2.0,5.0,5.0
general arenales,0315,2,190.0,137.0,83.0,31.0,11.0,2.0,5.0,0.0
colon,0231A,2,251.0,0.0,89.0,46.0,21.0,1.0,23.0,23.0
guamini,0433,2,180.0,133.0,80.0,29.0,13.0,0.0,0.0,11.0
magdalena,0608,2,179.0,133.0,79.0,25.0,17.0,1.0,6.0,4.0
roque perez,0835,2,174.0,133.0,86.0,22.0,15.0,3.0,2.0,4.0
monte,0658,2,170.0,134.0,57.0,40.0,25.0,0.0,8.0,4.0
chivilcoy,0220,2,171.0,133.0,73.0,9.0,12.0,0.0,30.0,9.0
pila,0766,2,164.0,135.0,94.0,22.0,8.0,0.0,4.0,6.0
benito juarez,0440,2,169.0,132.0,61.0,52.0,3.0,1.0,3.0,8.0
coronel dorrego,0234,2,170.0,127.0,94.0,16.0,13.0,0.0,3.0,0.0
trenque lauquen,0961D,2,166.0,128.0,62.0,33.0,27.0,1.0,2.0,3.0
roque perez,0833,2,245.0,0.0,104.0,38.0,24.0,2.0,8.0,0.0
la plata,0504C,2,285.0,136.0,0.0,0.0,0.0,0.0,0.0,0.0
puan,0781,2,179.0,122.0,80.0,10.0,3.0,13.0,6.0,6.0
pehuajo,0736,2,236.0,0.0,113.0,40.0,12.0,4.0,6.0,7.0
zarate,1013A,2,185.0,113.0,32.0,63.0,5.0,3.0,4.0,4.0
general paz,0352,2,145.0,130.0,89.0,24.0,10.0,1.0,2.0,4.0
mercedes,0647,2,157.0,125.0,64.0,31.0,13.0,3.0,8.0,3.0
navarro,0677,2,167.0,115.0,43.0,45.0,13.0,0.0,6.0,7.0
chivilcoy,0216,2,150.0,122.0,27.0,11.0,31.0,2.0,44.0,7.0
rojas,0826,2,140.0,126.0,85.0,17.0,13.0,2.0,5.0,4.0
benito juarez,0441,2,154.0,119.0,76.0,25.0,9.0,0.0,1.0,6.0
canuelas,0162,2,156.0,116.0,53.0,41.0,10.0,2.0,9.0,1.0
coronel suarez,0258C,2,151.0,118.0,54.0,27.0,16.0,2.0,2.0,15.0
puan,0777A,2,144.0,119.0,80.0,21.0,13.0,2.0,1.0,2.0
florentino ameghino,0361A,2,145.0,118.0,74.0,5.0,7.0,1.0,26.0,5.0
pergamino,0747,2,164.0,109.0,76.0,19.0,5.0,3.0,4.0,1.0
castelli,0187,2,147.0,117.0,62.0,14.0,8.0,3.0,24.0,4.0
tres lomas,0745,2,135.0,121.0,54.0,53.0,8.0,1.0,1.0,4.0
saladillo,0852,2,164.0,105.0,87.0,3.0,9.0,0.0,2.0,4.0
maipu,0617,2,142.0,113.0,61.0,16.0,19.0,4.0,2.0,11.0
salto,0858,2,226.0,0.0,53.0,51.0,18.0,4.0,14.0,0.0
nueve de julio,0697,2,149.0,106.0,77.0,7.0,14.0,0.0,4.0,4.0
balcarce,0103,2,146.0,104.0,73.0,12.0,11.0,1.0,5.0,2.0
rauch,0813,2,137.0,109.0,81.0,16.0,7.0,0.0,0.0,4.0
chivilcoy,0215,2,141.0,106.0,52.0,15.0,16.0,1.0,17.0,5.0
pehuajo,0734A,2,136.0,108.0,57.0,36.0,7.0,2.0,1.0,5.0
chascomus,0204,2,153.0,101.0,71.0,12.0,7.0,2.0,3.0,2.0
carlos casares,0166A,2,141.0,100.0,46.0,14.0,11.0,1.0,22.0,5.0
veinticinco de mayo,0981,2,143.0,96.0,46.0,24.0,9.0,3.0,5.0,6.0
general juan madariaga,0343,2,132.0,96.0,57.0,12.0,16.0,1.0,6.0,4.0
rauch,0811,2,126.0,98.0,57.0,28.0,5.0,2.0,0.0,5.0
olavarria,0720,2,139.0,93.0,72.0,7.0,8.0,0.0,1.0,0.0
chivilcoy,0212,2,121.0,99.0,24.0,10.0,20.0,6.0,33.0,6.0
junin,0454,2,133.0,93.0,50.0,26.0,10.0,0.0,3.0,3.0
salto,0857B,2,131.0,93.0,47.0,27.0,4.0,5.0,6.0,4.0
general belgrano,0322,2,120.0,97.0,42.0,16.0,5.0,1.0,27.0,4.0
tandil,0934,2,194.0,0.0,72.0,18.0,19.0,2.0,1.0,6.0
ayacucho,0055,2,118.0,95.0,68.0,4.0,14.0,1.0,4.0,3.0
coronel dorrego,0236,2,137.0,85.0,54.0,13.0,8.0,3.0,2.0,4.0
bartolome mitre,0117B,2,122.0,92.0,50.0,25.0,10.0,1.0,4.0,2.0
general alvear,0312,2,132.0,86.0,53.0,15.0,10.0,0.0,3.0,5.0
bragado,0138,2,119.0,92.0,50.0,32.0,2.0,6.0,1.0,1.0
coronel de marina l. rosales,0248B,2,140.0,80.0,62.0,5.0,8.0,2.0,0.0,3.0
ensenada,0492,2,178.0,0.0,32.0,60.0,9.0,11.0,2.0,6.0
alberti,0015,2,107.0,93.0,27.0,20.0,0.0,1.0,42.0,3.0
balcarce,0102,2,178.0,0.0,64.0,24.0,12.0,1.0,10.0,3.0
rojas,0825,2,123.0,84.0,68.0,7.0,5.0,2.0,2.0,0.0
canuelas,0160,2,116.0,86.0,31.0,32.0,8.0,5.0,5.0,5.0
lincoln,0557,2,115.0,86.0,46.0,15.0,10.0,6.0,5.0,3.0
tapalque,0947,2,106.0,90.0,39.0,40.0,6.0,1.0,3.0,0.0
roque perez,0837,2,123.0,78.0,60.0,8.0,5.0,0.0,1.0,2.0
patagones,0730,2,118.0,80.0,34.0,30.0,12.0,0.0,1.0,2.0
leandro n. alem,0550,2,104.0,86.0,17.0,54.0,6.0,1.0,3.0,5.0
azul,0066,2,103.0,83.0,48.0,18.0,5.0,0.0,1.0,8.0
suipacha,0930,2,101.0,81.0,46.0,17.0,4.0,3.0,5.0,6.0
las flores,0540,2,107.0,79.0,56.0,5.0,11.0,0.0,3.0,2.0
magdalena,0607,2,96.0,83.0,45.0,19.0,10.0,4.0,3.0,0.0
navarro,0679,2,107.0,76.0,44.0,15.0,4.0,0.0,9.0,4.0
chascomus,0206,2,110.0,75.0,45.0,13.0,9.0,1.0,3.0,3.0
las flores,0545,2,97.0,81.0,49.0,8.0,16.0,2.0,4.0,1.0
baradero,0108,2,110.0,73.0,38.0,13.0,12.0,1.0,2.0,6.0
suipacha,0929A,2,102.0,75.0,47.0,10.0,8.0,1.0,8.0,0.0
carlos casares,0165A,2,101.0,72.0,34.0,12.0,6.0,1.0,13.0,5.0
olavarria,0723A,2,118.0,63.0,33.0,9.0,15.0,1.0,1.0,4.0
chacabuco,0193,2,96.0,73.0,45.0,22.0,3.0,2.0,1.0,0.0
azul,0062A,2,102.0,71.0,36.0,23.0,5.0,1.0,2.0,2.0
colon,0230A,2,96.0,71.0,43.0,9.0,7.0,2.0,1.0,9.0
lincoln,0556,2,94.0,72.0,50.0,9.0,6.0,0.0,7.0,0.0
san andres de giles,0862,2,99.0,69.0,36.0,15.0,6.0,1.0,7.0,4.0
las flores,0539,2,110.0,63.0,41.0,7.0,9.0,2.0,0.0,4.0
lobos,0576A,2,91.0,72.0,56.0,11.0,0.0,1.0,2.0,2.0
saladillo,0848,2,95.0,69.0,48.0,16.0,3.0,0.0,0.0,2.0
general paz,0346,2,105.0,66.0,26.0,23.0,11.0,1.0,0.0,1.0
ayacucho,0052,2,85.0,75.0,47.0,11.0,8.0,1.0,4.0,2.0
tandil,0939,2,88.0,71.0,51.0,13.0,3.0,0.0,1.0,2.0
lincoln,0567,2,90.0,69.0,39.0,14.0,9.0,0.0,3.0,3.0
tandil,0935,2,98.0,64.0,41.0,6.0,4.0,2.0,4.0,7.0
chivilcoy,0219,2,88.0,68.0,29.0,8.0,7.0,1.0,14.0,9.0
navarro,0682,2,95.0,64.0,43.0,15.0,2.0,0.0,1.0,3.0
saladillo,0851,2,91.0,66.0,42.0,7.0,11.0,1.0,2.0,1.0
ayacucho,0056,2,105.0,58.0,32.0,8.0,10.0,6.0,2.0,0.0
pergamino,0748E,2,89.0,66.0,30.0,26.0,5.0,1.0,2.0,1.0
daireaux,0182,2,86.0,67.0,41.0,18.0,3.0,1.0,0.0,3.0
adolfo alsina,0006,2,82.0,68.0,34.0,10.0,17.0,3.0,1.0,3.0
azul,0062B,2,90.0,65.0,43.0,10.0,5.0,1.0,4.0,0.0
general las heras,0548B,2,87.0,65.0,27.0,21.0,15.0,0.0,1.0,1.0
general pinto,0358,2,89.0,66.0,28.0,14.0,16.0,0.0,3.0,0.0
san cayetano,0871B,2,79.0,66.0,61.0,1.0,3.0,0.0,1.0,0.0
san pedro,0916,2,83.0,66.0,34.0,19.0,4.0,2.0,3.0,0.0
la plata,0493,2,95.0,58.0,22.0,19.0,5.0,3.0,6.0,3.0
chacabuco,0196A,2,81.0,64.0,38.0,19.0,3.0,0.0,3.0,0.0
bartolome mitre,0117A,2,79.0,64.0,46.0,6.0,3.0,1.0,3.0,3.0
coronel pringles,0246,2,89.0,57.0,42.0,6.0,0.0,4.0,2.0,1.0
san cayetano,0871C,2,80.0,60.0,41.0,2.0,4.0,1.0,3.0,9.0
mar chiquita,0621,2,79.0,59.0,41.0,9.0,6.0,0.0,2.0,1.0
loberia,0569,2,79.0,59.0,38.0,15.0,1.0,0.0,0.0,4.0
ramallo,0801,2,78.0,59.0,32.0,5.0,20.0,0.0,1.0,1.0
general viamonte,0407,2,77.0,59.0,38.0,13.0,7.0,0.0,1.0,0.0
junin,0448,2,76.0,58.0,35.0,7.0,6.0,2.0,4.0,4.0
general alvarado,0309,2,88.0,52.0,23.0,12.0,13.0,0.0,2.0,2.0
punta indio,0611,2,69.0,60.0,33.0,11.0,10.0,2.0,4.0,0.0
general paz,0349,2,71.0,59.0,30.0,19.0,7.0,0.0,1.0,2.0
lincoln,0555,2,81.0,53.0,30.0,14.0,3.0,1.0,1.0,4.0
lincoln,0558,2,81.0,53.0,29.0,16.0,4.0,0.0,2.0,2.0
chacabuco,0196,2,70.0,59.0,34.0,13.0,3.0,4.0,3.0,0.0
veinticinco de mayo,0986,2,71.0,57.0,23.0,16.0,10.0,1.0,2.0,5.0
hipolito yrigoyen,0742B,2,68.0,59.0,23.0,4.0,1.0,0.0,28.0,1.0
bolivar,0128,2,71.0,57.0,36.0,5.0,3.0,0.0,9.0,2.0
lincoln,0560,2,80.0,50.0,25.0,16.0,5.0,2.0,2.0,0.0
benito juarez,0437,2,69.0,54.0,27.0,11.0,6.0,0.0,2.0,6.0
nueve de julio,0708,2,71.0,52.0,38.0,6.0,4.0,0.0,3.0,1.0
bragado,0142,2,67.0,53.0,32.0,12.0,4.0,0.0,0.0,5.0
rojas,0824,2,67.0,54.0,23.0,16.0,9.0,1.0,1.0,2.0
general la madrid,0336,2,66.0,53.0,23.0,21.0,1.0,3.0,1.0,2.0
azul,0061,2,74.0,46.0,33.0,7.0,4.0,2.0,0.0,0.0
chacabuco,0194,2,96.0,0.0,44.0,19.0,1.0,1.0,3.0,1.0
bolivar,0131,2,63.0,50.0,25.0,3.0,1.0,3.0,14.0,4.0
coronel dorrego,0237A,2,71.0,45.0,28.0,3.0,10.0,0.0,3.0,0.0
magdalena,0610,2,66.0,46.0,32.0,6.0,6.0,1.0,0.0,0.0
veinticinco de mayo,0982,2,64.0,47.0,37.0,3.0,3.0,1.0,2.0,0.0
bolivar,0129,2,66.0,46.0,19.0,14.0,7.0,0.0,4.0,1.0
general villegas,0412,2,68.0,44.0,16.0,14.0,13.0,0.0,0.0,1.0
tres arroyos,0970,2,67.0,46.0,11.0,11.0,9.0,1.0,2.0,9.0
bolivar,0131A,2,61.0,47.0,24.0,3.0,6.0,1.0,10.0,2.0
chacabuco,0195,2,67.0,43.0,35.0,5.0,2.0,0.0,0.0,1.0
rauch,0810,2,63.0,43.0,18.0,16.0,5.0,0.0,1.0,4.0
rojas,0828,2,62.0,45.0,28.0,10.0,4.0,1.0,0.0,0.0
general paz,0350,2,59.0,45.0,26.0,5.0,7.0,1.0,3.0,2.0
salto,0855A,2,62.0,42.0,34.0,0.0,1.0,0.0,3.0,4.0
tapalque,0945,2,62.0,43.0,17.0,11.0,8.0,0.0,0.0,5.0
loberia,0570,2,62.0,42.0,29.0,3.0,6.0,1.0,1.0,1.0
general alvear,0311,2,69.0,38.0,19.0,9.0,6.0,0.0,4.0,0.0
nueve de julio,0705,2,56.0,44.0,26.0,8.0,5.0,1.0,2.0,2.0
san cayetano,0871A,2,63.0,40.0,32.0,1.0,4.0,0.0,1.0,2.0
chascomus,0205,2,57.0,41.0,32.0,3.0,1.0,1.0,3.0,1.0
chivilcoy,0226,2,58.0,40.0,19.0,1.0,5.0,0.0,13.0,2.0
castelli,0186,2,59.0,40.0,26.0,1.0,0.0,1.0,8.0,3.0
chacabuco,0191,2,56.0,41.0,28.0,3.0,6.0,2.0,1.0,1.0
general juan madariaga,0342,2,63.0,37.0,20.0,7.0,6.0,1.0,3.0,0.0
rauch,0808,2,60.0,38.0,22.0,7.0,6.0,1.0,1.0,1.0
coronel dorrego,0233,2,49.0,44.0,34.0,2.0,3.0,0.0,2.0,2.0
junin,0453,2,53.0,41.0,29.0,1.0,7.0,0.0,1.0,2.0
tres arroyos,0975A,2,56.0,42.0,15.0,9.0,7.0,0.0,1.0,0.0
escobar,0775A,2,64.0,33.0,15.0,11.0,1.0,0.0,3.0,3.0
zarate,1020,2,53.0,38.0,11.0,18.0,5.0,0.0,4.0,0.0
junin,0449,2,55.0,37.0,30.0,4.0,1.0,0.0,1.0,1.0
dolores,0283,2,57.0,39.0,21.0,9.0,1.0,0.0,0.0,1.0
nueve de julio,0704,2,47.0,40.0,24.0,8.0,7.0,0.0,0.0,1.0
monte,0659,2,52.0,39.0,20.0,6.0,2.0,2.0,4.0,2.0
san vicente,0927,2,53.0,36.0,19.0,6.0,2.0,0.0,3.0,5.0
san pedro,0919,2,68.0,0.0,30.0,13.0,8.0,0.0,2.0,2.0
las flores,0542,2,48.0,38.0,24.0,5.0,4.0,1.0,1.0,1.0
benito juarez,0442,2,49.0,37.0,18.0,14.0,2.0,0.0,0.0,0.0
pergamino,0750,2,47.0,36.0,33.0,1.0,1.0,0.0,0.0,0.0
azul,0065,2,47.0,34.0,18.0,6.0,7.0,1.0,0.0,2.0
adolfo alsina,0002,2,55.0,30.0,23.0,2.0,3.0,0.0,2.0,0.0
trenque lauquen,0961A,2,49.0,33.0,16.0,4.0,9.0,1.0,2.0,1.0
rojas,0829,2,51.0,32.0,18.0,3.0,5.0,0.0,1.0,4.0
las flores,0541,2,47.0,33.0,23.0,2.0,6.0,0.0,1.0,0.0
baradero,0109,2,42.0,35.0,16.0,8.0,5.0,0.0,3.0,2.0
tapalque,0948,2,44.0,34.0,23.0,2.0,4.0,0.0,2.0,1.0
olavarria,0718A,2,40.0,34.0,14.0,15.0,3.0,0.0,2.0,0.0
veinticinco de mayo,0987,2,64.0,0.0,32.0,5.0,0.0,2.0,0.0,5.0
tres arroyos,0968,2,41.0,32.0,23.0,4.0,4.0,0.0,0.0,1.0
ayacucho,0050,2,50.0,28.0,18.0,4.0,3.0,0.0,2.0,0.0
san antonio de areco,0868,2,41.0,32.0,18.0,10.0,2.0,1.0,1.0,0.0
chascomus,0208,2,52.0,26.0,13.0,4.0,5.0,1.0,1.0,2.0
pila,0765A,2,43.0,30.0,18.0,9.0,2.0,0.0,0.0,1.0
bolivar,0125A,2,41.0,31.0,15.0,4.0,5.0,0.0,3.0,1.0
rauch,0812,2,38.0,31.0,20.0,6.0,0.0,0.0,2.0,1.0
baradero,0114,2,41.0,27.0,12.0,8.0,5.0,1.0,0.0,1.0
las flores,0544,2,37.0,29.0,15.0,2.0,5.0,3.0,2.0,0.0
coronel suarez,0255,2,36.0,27.0,25.0,0.0,1.0,0.0,0.0,0.0
rauch,0807,2,36.0,27.0,17.0,4.0,2.0,0.0,1.0,1.0
coronel suarez,0256,2,33.0,27.0,14.0,4.0,6.0,0.0,1.0,2.0
rivadavia,0818,2,39.0,22.0,12.0,1.0,6.0,0.0,2.0,1.0
salto,0857A,2,36.0,23.0,11.0,7.0,1.0,0.0,2.0,1.0
chacabuco,0192,2,33.0,25.0,15.0,5.0,1.0,1.0,1.0,0.0
bahia blanca,0090,2,32.0,23.0,13.0,2.0,4.0,1.0,3.0,0.0
olavarria,0721,2,36.0,21.0,16.0,2.0,1.0,1.0,0.0,0.0
adolfo alsina,0004,2,41.0,18.0,12.0,0.0,6.0,0.0,0.0,0.0
bolivar,0126,2,36.0,21.0,15.0,1.0,1.0,0.0,1.0,0.0
general arenales,0314A,2,36.0,19.0,8.0,5.0,1.0,2.0,2.0,1.0
monte,0662,2,36.0,19.0,5.0,3.0,6.0,1.0,3.0,1.0
tandil,0936,2,31.0,21.0,17.0,2.0,1.0,0.0,1.0,0.0
coronel dorrego,0232A,2,30.0,22.0,14.0,4.0,2.0,0.0,0.0,1.0
tapalque,0946,2,30.0,22.0,10.0,9.0,1.0,0.0,0.0,0.0
carlos casares,0164A,2,33.0,20.0,6.0,4.0,4.0,0.0,2.0,3.0
ayacucho,0051,2,26.0,21.0,9.0,7.0,3.0,0.0,0.0,2.0
junin,0455,2,28.0,19.0,10.0,4.0,0.0,1.0,3.0,1.0
pehuajo,0738A,2,27.0,19.0,7.0,6.0,5.0,1.0,0.0,0.0
general juan madariaga,0341,2,31.0,17.0,10.0,3.0,2.0,0.0,1.0,1.0
azul,0068,2,30.0,18.0,10.0,6.0,1.0,0.0,0.0,0.0
olavarria,0719A,2,37.0,0.0,11.0,4.0,6.0,2.0,2.0,0.0
mar chiquita,0621A,2,28.0,17.0,14.0,1.0,2.0,0.0,0.0,0.0
general guido,0328,2,20.0,20.0,17.0,1.0,0.0,0.0,0.0,0.0
coronel suarez,0255A,2,25.0,17.0,14.0,0.0,0.0,1.0,1.0,0.0
maipu,0617A,2,22.0,18.0,8.0,2.0,4.0,0.0,0.0,4.0
coronel dorrego,0235,2,28.0,15.0,14.0,0.0,0.0,0.0,0.0,0.0
bragado,0139,2,21.0,18.0,10.0,5.0,2.0,0.0,1.0,0.0
general belgrano,0323,2,27.0,15.0,14.0,0.0,1.0,0.0,0.0,0.0
chivilcoy,0225,2,22.0,17.0,12.0,1.0,3.0,0.0,1.0,0.0
general viamonte,0410,2,24.0,16.0,10.0,3.0,3.0,0.0,0.0,0.0
trenque lauquen,0960,2,26.0,15.0,8.0,2.0,4.0,0.0,1.0,0.0
san pedro,0921,2,26.0,15.0,9.0,2.0,3.0,0.0,0.0,1.0
ayacucho,0049,2,27.0,14.0,10.0,1.0,0.0,0.0,2.0,0.0
trenque lauquen,0961C,2,21.0,17.0,12.0,2.0,2.0,0.0,0.0,0.0
pergamino,0753A,2,26.0,14.0,8.0,4.0,2.0,0.0,0.0,0.0
chivilcoy,0214,2,22.0,15.0,9.0,3.0,1.0,0.0,2.0,0.0
benito juarez,0438,2,19.0,16.0,8.0,5.0,3.0,0.0,0.0,0.0
laprida,0526,2,21.0,15.0,11.0,4.0,0.0,0.0,0.0,0.0
nueve de julio,0701A,2,22.0,15.0,12.0,1.0,0.0,0.0,1.0,0.0
ramallo,0802,2,19.0,16.0,8.0,4.0,4.0,0.0,0.0,0.0
general pinto,0356,2,24.0,13.0,9.0,1.0,1.0,0.0,2.0,0.0
rivadavia,0821,2,24.0,13.0,5.0,1.0,4.0,0.0,3.0,0.0
coronel dorrego,0236A,2,18.0,15.0,14.0,0.0,0.0,0.0,0.0,0.0
trenque lauquen,0961B,2,21.0,13.0,6.0,4.0,2.0,0.0,0.0,0.0
hipolito yrigoyen,0742A,2,17.0,14.0,7.0,2.0,1.0,0.0,2.0,2.0
azul,0069,2,20.0,12.0,10.0,1.0,1.0,0.0,0.0,0.0
ayacucho,0057,2,22.0,11.0,6.0,3.0,1.0,0.0,0.0,0.0
coronel pringles,0244,2,17.0,13.0,8.0,4.0,1.0,0.0,0.0,0.0
laprida,0525,2,20.0,11.0,5.0,5.0,1.0,0.0,0.0,0.0
azul,0063,2,21.0,10.0,7.0,0.0,1.0,0.0,2.0,0.0
olavarria,0724,2,17.0,12.0,5.0,2.0,3.0,1.0,0.0,1.0
chivilcoy,0213,2,18.0,11.0,7.0,1.0,1.0,0.0,2.0,0.0
ayacucho,0053,2,16.0,12.0,5.0,2.0,3.0,1.0,0.0,1.0
pergamino,0757,2,19.0,11.0,7.0,1.0,1.0,0.0,1.0,0.0
loberia,0569A,2,21.0,9.0,6.0,3.0,0.0,0.0,0.0,0.0
ayacucho,0054,2,16.0,10.0,5.0,4.0,1.0,0.0,0.0,0.0
general alvear,0313,2,19.0,9.0,5.0,1.0,0.0,0.0,1.0,1.0
ayacucho,0048,2,16.0,10.0,6.0,2.0,1.0,0.0,0.0,1.0
general belgrano,0321,2,21.0,7.0,6.0,0.0,1.0,0.0,0.0,0.0
necochea,0689,2,18.0,8.0,4.0,2.0,1.0,0.0,1.0,0.0
coronel pringles,0245,2,18.0,8.0,6.0,0.0,1.0,0.0,0.0,1.0
olavarria,0722,2,13.0,10.0,8.0,0.0,1.0,0.0,1.0,0.0
tres arroyos,0974,2,13.0,9.0,8.0,1.0,0.0,0.0,0.0,0.0
coronel pringles,0242,2,13.0,9.0,8.0,0.0,0.0,0.0,0.0,1.0
chivilcoy,0223,2,20.0,5.0,3.0,0.0,2.0,0.0,0.0,0.0
tres arroyos,0977,2,15.0,7.0,5.0,0.0,2.0,0.0,0.0,0.0
trenque lauquen,0959,2,12.0,8.0,5.0,1.0,1.0,0.0,0.0,1.0
olavarria,0726,2,14.0,7.0,1.0,1.0,3.0,0.0,0.0,2.0
chascomus,0209A,2,10.0,9.0,4.0,1.0,1.0,0.0,1.0,1.0
necochea,0691A,2,13.0,6.0,4.0,0.0,1.0,1.0,0.0,0.0
loberia,0571,2,15.0,4.0,2.0,1.0,1.0,0.0,0.0,0.0
chivilcoy,0217,2,9.0,7.0,4.0,0.0,2.0,0.0,1.0,0.0
olavarria,0713,2,9.0,7.0,4.0,0.0,0.0,0.0,3.0,0.0
canuelas,0161,2,11.0,6.0,4.0,1.0,0.0,0.0,0.0,0.0
bolivar,0130,2,10.0,6.0,3.0,2.0,0.0,0.0,0.0,0.0
azul,0064,2,9.0,6.0,3.0,2.0,1.0,0.0,0.0,0.0
rauch,0809,2,11.0,5.0,3.0,2.0,0.0,0.0,0.0,0.0
general la madrid,0333,2,10.0,5.0,2.0,2.0,0.0,0.0,1.0,0.0
laprida,0527,2,7.0,6.0,3.0,0.0,0.0,2.0,1.0,0.0
general la madrid,0331,2,7.0,5.0,3.0,1.0,0.0,0.0,0.0,0.0
coronel pringles,0241,2,6.0,4.0,4.0,0.0,0.0,0.0,0.0,0.0
coronel suarez,0257,2,10.0,2.0,2.0,0.0,0.0,0.0,0.0,0.0
general villegas,0422,2,5.0,4.0,4.0,0.0,0.0,0.0,0.0,0.0
san pedro,0922A,2,6.0,3.0,1.0,1.0,0.0,0.0,1.0,0.0
trenque lauquen,0959A,2,5.0,3.0,3.0,0.0,0.0,0.0,0.0,0.0
carlos tejedor,0171A,2,5.0,3.0,2.0,0.0,0.0,0.0,0.0,1.0
tres arroyos,0978,2,4.0,3.0,2.0,0.0,0.0,0.0,0.0,1.0
tres arroyos,0976,2,4.0,2.0,2.0,0.0,0.0,0.0,0.0,0.0
dolores,0284,2,3.0,2.0,2.0,0.0,0.0,0.0,0.0,0.0
san cayetano,0871D,2,2.0,1.0,0.0,0.0,0.0,0.0,0.0,0.0
