Eleccion,,DN_2015,DN_2015,DN_2015,DN_2015,DN_2015,DN_2015,DN_2015,DN_2015,DN_2015,DN_2015,DN_2015,DN_2015,DN_2015,DN_2015,DN_2017,DN_2017,DN_2017,DN_2017,DN_2017,DN_2017,DN_2017,DN_2017,DN_2017,DN_2017,DN_2017,DN_2017,DN_2017,DN_2017,DN_2017,DN_2017,paso_2017,paso_2017,paso_2017,paso_2017,paso_2017,paso_2017,paso_2017,paso_2017,paso_2017,paso_2017,paso_2017,paso_2017,paso_2017,paso_2017,paso_2017,paso_2017
,,VOTOS,VOTOS,VOTOS,VOTOS,VOTOS,VOTOS,VOTOS,VOTOS_pct,VOTOS_pct,VOTOS_pct,VOTOS_pct,VOTOS_pct,VOTOS_pct,VOTOS_pct,VOTOS,VOTOS,VOTOS,VOTOS,VOTOS,VOTOS,VOTOS,VOTOS,VOTOS_pct,VOTOS_pct,VOTOS_pct,VOTOS_pct,VOTOS_pct,VOTOS_pct,VOTOS_pct,VOTOS_pct,VOTOS,VOTOS,VOTOS,VOTOS,VOTOS,VOTOS,VOTOS,VOTOS,VOTOS_pct,VOTOS_pct,VOTOS_pct,VOTOS_pct,VOTOS_pct,VOTOS_pct,VOTOS_pct,VOTOS_pct
Denominacion,,ALIANZA FRENTE DE IZQUIERDA Y DE LOS TRABAJADORES,ALIANZA FRENTE PARA LA VICTORIA,ALIANZA UNIDOS POR UNA NUEVA ALTERNATIVA (UNA),CAMBIEMOS,ELECTORES,VOTANTES,VOTOS BLANCOS,ALIANZA FRENTE DE IZQUIERDA Y DE LOS TRABAJADORES,ALIANZA FRENTE PARA LA VICTORIA,ALIANZA UNIDOS POR UNA NUEVA ALTERNATIVA (UNA),CAMBIEMOS,ELECTORES,VOTANTES,VOTOS BLANCOS,1PAIS,CAMBIEMOS,ELECTORES,FRENTE DE IZQUIERDA Y DE LOS TRABAJADORES,FRENTE JUSTICIALISTA,UNIDAD CIUDADANA,VOTANTES,VOTOS BLANCOS,1PAIS,CAMBIEMOS,ELECTORES,FRENTE DE IZQUIERDA Y DE LOS TRABAJADORES,FRENTE JUSTICIALISTA,UNIDAD CIUDADANA,VOTANTES,VOTOS BLANCOS,1PAIS,CAMBIEMOS,ELECTORES,FRENTE DE IZQUIERDA Y DE LOS TRABAJADORES,FRENTE JUSTICIALISTA,UNIDAD CIUDADANA,VOTANTES,VOTOS BLANCOS,1PAIS,CAMBIEMOS,ELECTORES,FRENTE DE IZQUIERDA Y DE LOS TRABAJADORES,FRENTE JUSTICIALISTA,UNIDAD CIUDADANA,VOTANTES,VOTOS BLANCOS
dpto_merger_str,PROV_REF_ID,,,,,,,,,,,,,,,,,,,,,,,,,,,,,,,,,,,,,,,,,,,,,,
adolfo alsina,2,128.0,2688.0,1156.0,4957.0,13189.0,10543.0,1291.0,0.009705057244673592,0.20380620213814543,0.08764879824095838,0.3758435059519296,1.0,0.799378269770263,0.09788460080370005,1135.0,6049.0,14314.0,225.0,616.0,2279.0,11047.0,661.0,0.07929299986027666,0.4225932653346374,1.0,0.01571887662428392,0.04303479111359508,0.15921475478552466,0.7717619114153975,0.04617856643845186,1208.0,5164.0,13985.0,123.0,719.0,2111.0,10253.0,756.0,0.08637826242402574,0.36925277082588487,1.0,0.008795137647479443,0.05141222738648552,0.1509474436896675,0.733142652842331,0.054057919199141935
adolfo gonzales chaves,2,138.0,3347.0,1035.0,2279.0,10420.0,8846.0,1694.0,0.013243761996161228,0.32120921305182343,0.09932821497120921,0.21871401151631478,1.0,0.8489443378119002,0.16257197696737044,856.0,3201.0,10473.0,207.0,237.0,2512.0,8109.0,1245.0,0.08173398262198033,0.30564308221140074,1.0,0.019765110283586365,0.022629619020338013,0.23985486489067126,0.7742767115439703,0.11887711257519336,1136.0,2427.0,10473.0,112.0,210.0,2084.0,7164.0,1448.0,0.10846939749832904,0.23173875680320824,1.0,0.010694165950539482,0.02005156115726153,0.1989878735796811,0.6840446863362933,0.13826028836054616
alberti,2,99.0,2701.0,732.0,3009.0,8859.0,7308.0,916.0,0.011175076193701321,0.30488768484027545,0.0826278360988825,0.33965458855401287,1.0,0.8249238062986793,0.10339767468111526,374.0,3491.0,8937.0,122.0,2033.0,925.0,7199.0,458.0,0.04184849502070046,0.390623251650442,1.0,0.013651113348998545,0.22748125769273805,0.10350229383462012,0.8055275819626273,0.051247622244601096,586.0,3032.0,9300.0,75.0,1858.0,968.0,7413.0,544.0,0.06301075268817204,0.3260215053763441,1.0,0.008064516129032258,0.19978494623655915,0.10408602150537634,0.7970967741935484,0.05849462365591398
almirante brown,2,16612.0,131299.0,64659.0,82618.0,419609.0,320424.0,24019.0,0.0395892366464971,0.3129079690855058,0.154093453667581,0.1968928216506319,1.0,0.7636251843978561,0.05724138424104345,34571.0,107880.0,443099.0,20320.0,19297.0,144792.0,336973.0,9262.0,0.07802093888724641,0.24346703558347005,1.0,0.0458588261314063,0.04355008700087339,0.32677121817020577,0.7604914477351562,0.020902777934502223,47377.0,81987.0,429241.0,13582.0,19275.0,123858.0,307240.0,13644.0,0.1103738925219166,0.19100458716664998,1.0,0.0316418981411375,0.044904843665912623,0.288551186862392,0.7157750541071333,0.03178633914281254
avellaneda,2,11284.0,81333.0,38981.0,70034.0,289664.0,219028.0,11228.0,0.0389554794520548,0.28078394277507734,0.13457316062748564,0.24177667918692003,1.0,0.7561450508174989,0.03876215201060539,21089.0,86959.0,300157.0,13006.0,8367.0,90167.0,227494.0,4367.0,0.07025989732040232,0.28971171753449027,1.0,0.043330656956192926,0.02787541186778919,0.30039945761718034,0.7579166902654277,0.01454905266243999,30090.0,69837.0,293788.0,8593.0,8667.0,79350.0,212800.0,6283.0,0.10242079322504663,0.23771222786499108,1.0,0.029248982259316242,0.029500864569008946,0.2700927199204869,0.7243318311163152,0.021386169618908872
ayacucho,2,322.0,3688.0,1114.0,5291.0,15595.0,13087.0,2263.0,0.020647643475472908,0.2364860532221866,0.07143315165117024,0.33927540878486695,1.0,0.8391792241102918,0.14511061237576145,1369.0,6720.0,17404.0,671.0,890.0,2919.0,13502.0,1059.0,0.07866007814295564,0.3861181337623535,1.0,0.03855435532061595,0.051137669501264076,0.16772006435302228,0.7757986669731096,0.06084808090094231,1631.0,4944.0,17082.0,450.0,923.0,2829.0,11843.0,1017.0,0.09548062287788316,0.2894274675096593,1.0,0.026343519494204427,0.05403348554033485,0.1656129258868985,0.693302891933029,0.059536354056902004
azul,2,1077.0,11517.0,5549.0,12322.0,53978.0,39895.0,5301.0,0.019952573270591724,0.2133647041387232,0.10280114120567639,0.22827818740968542,1.0,0.7390974100559488,0.0982066767942495,4663.0,21317.0,56554.0,1559.0,1589.0,11006.0,42299.0,2445.0,0.08245216960780846,0.3769317820136507,1.0,0.027566573540333133,0.028097039997170847,0.19461046079852884,0.7479400219259469,0.04323301623227358,6228.0,17713.0,56463.0,960.0,1564.0,9638.0,40652.0,2870.0,0.11030232187450188,0.31370986309618687,1.0,0.017002284682004144,0.027699555461098417,0.17069585392203743,0.7199759134300339,0.05082974691390822
bahia blanca,2,10233.0,39360.0,27784.0,74454.0,235463.0,178187.0,17946.0,0.043459057261650454,0.16716002089500262,0.11799730743259026,0.3162025456228792,1.0,0.7567515915451685,0.07621579611234036,16326.0,98613.0,252071.0,11466.0,15468.0,38286.0,187940.0,6889.0,0.06476746630909545,0.39121120636646023,1.0,0.045487184166365824,0.06136366341229257,0.15188577821328117,0.7455835855770795,0.02732960158050708,20886.0,81363.0,244495.0,8247.0,13892.0,35291.0,176205.0,8549.0,0.08542505981717417,0.3327798114480869,1.0,0.03373075114010511,0.05681915785598887,0.1443424200903904,0.720689584654083,0.03496595022393096
balcarce,2,568.0,6843.0,4735.0,12877.0,35567.0,27809.0,3340.0,0.015969859701408608,0.1923974470717238,0.1331290240953693,0.36204909044901173,1.0,0.7818764585149155,0.09390727359631118,2778.0,16920.0,39238.0,728.0,2874.0,5636.0,30475.0,1603.0,0.07079871553086294,0.43121463887048267,1.0,0.018553443090881288,0.07324532341097915,0.14363627096182272,0.7766705744431418,0.04085325449819053,3657.0,13597.0,39251.0,399.0,2666.0,5654.0,27832.0,2212.0,0.09316960077450256,0.34641155639346766,1.0,0.010165346105831698,0.0679218363863341,0.14404728541947975,0.7090774757331023,0.056355252095488015
baradero,2,672.0,7528.0,3858.0,7015.0,26387.0,19627.0,2378.0,0.02546708606510782,0.2852919998484102,0.14620836017736005,0.2658506082540645,1.0,0.7438132413688558,0.09012013491492023,2796.0,9655.0,28451.0,756.0,1104.0,5945.0,22086.0,2040.0,0.09827422586200836,0.33935538293908823,1.0,0.026572000984148185,0.038803556992724336,0.20895574847984252,0.7762820287511862,0.07170222487786018,3516.0,7325.0,28303.0,720.0,1175.0,5661.0,20812.0,1943.0,0.12422711373352648,0.2588064869448468,1.0,0.025438999399356958,0.04151503374200615,0.2000141327774441,0.735328410415857,0.06864996643465357
bartolome mitre,2,333.0,6413.0,3021.0,7856.0,24018.0,19486.0,1998.0,0.013864601548838371,0.2670080772753768,0.12578066450162378,0.3270880173203431,1.0,0.811308185527521,0.08318760929303022,2051.0,9582.0,24379.0,425.0,1288.0,5089.0,19139.0,1131.0,0.08412978383034579,0.3930431929119324,1.0,0.017433036629886378,0.05283235571598507,0.20874523155174535,0.7850609130809303,0.046392386890356456,2588.0,8168.0,24753.0,204.0,1551.0,4601.0,19223.0,1158.0,0.1045529834767503,0.3299802044196663,1.0,0.008241425281784027,0.06265907162768149,0.1858764594190603,0.7765927362339918,0.046782208217185796
benito juarez,2,328.0,4755.0,2059.0,4200.0,16447.0,13212.0,1633.0,0.019942846719766524,0.28911047607466406,0.12519000425609533,0.25536572019213233,1.0,0.8033075940901077,0.09928862406517906,1036.0,5698.0,16929.0,386.0,243.0,4188.0,12973.0,1590.0,0.06119676295114892,0.336582196231319,1.0,0.022801110520408768,0.014354066985645933,0.24738614212298424,0.7663181522830645,0.0939216728690413,1377.0,4196.0,16959.0,237.0,210.0,4109.0,11079.0,1657.0,0.08119582522554396,0.24742024883542663,1.0,0.013974880594374668,0.012382805589952238,0.2422902293767321,0.6532814434813373,0.0977062326788136
berazategui,2,9831.0,78298.0,39715.0,47511.0,245757.0,189544.0,17338.0,0.04000292972326323,0.3185992667553722,0.16160272138738674,0.19332511383195597,1.0,0.7712659252839187,0.07054936380245527,21569.0,66729.0,260484.0,11806.0,8932.0,85368.0,198818.0,8515.0,0.0828035503140308,0.25617312387709035,1.0,0.04532332120206999,0.034290013973986885,0.327728382549408,0.7632637705194945,0.03268914789392055,27875.0,48387.0,239746.0,7488.0,7985.0,73164.0,179362.0,9754.0,0.11626888456950273,0.20182609928841358,1.0,0.031233054983190543,0.03330608227040284,0.30517297473159094,0.7481334412252968,0.040684724666939176
berisso,2,3184.0,19080.0,12082.0,18000.0,74815.0,58985.0,5752.0,0.042558310499231436,0.25502907171021855,0.1614916794760409,0.24059346387756467,1.0,0.7884114148232306,0.07688297801243066,6037.0,24680.0,78044.0,3663.0,3457.0,20617.0,59691.0,2172.0,0.07735380042027575,0.31623186920198865,1.0,0.04693506227256419,0.044295525600943055,0.2641714930039465,0.7648377838142586,0.02783045461534519,8943.0,18139.0,77052.0,2609.0,4003.0,17966.0,55888.0,2698.0,0.11606447593832736,0.2354124487359186,1.0,0.033860250220630224,0.0519519285677205,0.2331672117531018,0.7253283496859264,0.035015314333177595
bolivar,2,450.0,8029.0,2994.0,9288.0,29450.0,24069.0,2755.0,0.015280135823429542,0.27263157894736845,0.10166383701188456,0.31538200339558575,1.0,0.8172835314091681,0.0935483870967742,1177.0,10795.0,30369.0,466.0,7291.0,2657.0,24256.0,1385.0,0.03875662682340544,0.35546116105238895,1.0,0.01534459481708321,0.24008034508874182,0.08749053310942079,0.7987092100497217,0.04560571635549409,1644.0,9048.0,29714.0,190.0,4957.0,3041.0,20817.0,1301.0,0.05532745507168338,0.3045029279127684,1.0,0.006394292252810123,0.16682371945884095,0.1023423302147136,0.7005788517197281,0.04378407484687353
bragado,2,533.0,9963.0,2870.0,12399.0,34850.0,28499.0,2558.0,0.015294117647058824,0.2858823529411765,0.08235294117647059,0.3557819225251076,1.0,0.8177618364418938,0.0734002869440459,1952.0,13877.0,36168.0,765.0,1847.0,8787.0,27956.0,1004.0,0.0539703605397036,0.3836817075868171,1.0,0.02115129396151294,0.05106724176067242,0.2429495686794957,0.7729484627294846,0.027759345277593453,2998.0,11594.0,36168.0,432.0,2170.0,8267.0,27211.0,1327.0,0.08289095332890953,0.32055961070559613,1.0,0.011944260119442602,0.05999778809997788,0.22857221853572218,0.7523501437735014,0.036689891616898916
brandsen,2,533.0,5668.0,1995.0,6615.0,20935.0,17080.0,2222.0,0.025459756388822547,0.27074277525674706,0.09529496059230953,0.3159780272271316,1.0,0.8158586099832816,0.10613804633389061,1775.0,8388.0,23151.0,596.0,515.0,6135.0,17838.0,846.0,0.07667055418772407,0.36231696255021384,1.0,0.02574402833570904,0.022245259384043887,0.2649993520798238,0.7705066735778152,0.03654269793961384,2078.0,6459.0,22822.0,387.0,499.0,5382.0,17565.0,2078.0,0.09105249320830777,0.2830163876960827,1.0,0.01695732188239418,0.021864867233371308,0.23582508106213304,0.7696520900885111,0.09105249320830777
campana,2,2281.0,17758.0,9843.0,21884.0,71839.0,56455.0,5765.0,0.03175155556174223,0.24719163685463327,0.13701471345647906,0.30462562118069575,1.0,0.7858544801570178,0.08024888987875667,6307.0,27570.0,78797.0,3126.0,2489.0,18155.0,62030.0,4343.0,0.08004111831668718,0.3498864169955709,1.0,0.03967156110004188,0.03158749698592586,0.23040217267154842,0.7872127111438253,0.055116311534703095,8220.0,22071.0,78116.0,2320.0,2665.0,16613.0,59182.0,4602.0,0.10522812227968661,0.28254134876337755,1.0,0.029699421373342208,0.03411593015515387,0.21267089968764402,0.7576168774642839,0.05891238670694864
canuelas,2,1221.0,12333.0,6315.0,9655.0,40093.0,32015.0,2154.0,0.030454193998952436,0.30760980719826403,0.15750879205846408,0.24081510488115132,1.0,0.7985184446162672,0.05372508916768513,3088.0,14192.0,43591.0,1494.0,1471.0,12940.0,33749.0,994.0,0.0708403110733867,0.32557179234245603,1.0,0.03427312977449474,0.03374549792388337,0.2968502672570026,0.7742194489688239,0.022802872152508546,3784.0,10171.0,39074.0,1131.0,1266.0,10415.0,27810.0,1178.0,0.09684188974765828,0.26030096739519887,1.0,0.028945078568869326,0.03240006142191739,0.2665455289962635,0.7117264677279009,0.030147924451041613
capitan sarmiento,2,153.0,2596.0,1579.0,3287.0,11654.0,9141.0,1478.0,0.013128539557233568,0.22275613523253818,0.13548996052857387,0.2820490818603055,1.0,0.7843658829586408,0.126823408271838,1314.0,5206.0,12534.0,187.0,331.0,2106.0,10069.0,879.0,0.10483484921014839,0.41535024732726983,1.0,0.01491941917983086,0.02640816977820329,0.16802297750119674,0.8033349289931386,0.07012924844423168,1413.0,3828.0,12195.0,122.0,336.0,1939.0,8887.0,570.0,0.11586715867158671,0.31389913899138994,1.0,0.01000410004100041,0.02755227552275523,0.15899958999589997,0.7287412874128741,0.046740467404674045
carlos casares,2,353.0,4801.0,1722.0,5900.0,18383.0,14493.0,1853.0,0.019202524071152697,0.2611652069847141,0.09367350269270522,0.32094870260566827,1.0,0.7883914486210085,0.1007996518522548,1149.0,7536.0,18602.0,370.0,2274.0,2395.0,14239.0,973.0,0.06176755187614235,0.40511772927642187,1.0,0.019890334372648102,0.12224491990108591,0.1287495968175465,0.7654553273841522,0.05230620363401785,1633.0,6275.0,18971.0,277.0,2156.0,2065.0,13388.0,1234.0,0.08607875177903115,0.3307680143376733,1.0,0.014601233461599283,0.11364714564335038,0.10885035053502715,0.7057087132992462,0.0650466501502293
carlos tejedor,2,131.0,3223.0,591.0,3793.0,9841.0,8478.0,893.0,0.013311655319581343,0.327507367137486,0.06005487247230972,0.38542831013108425,1.0,0.8614978152626765,0.09074281068997053,761.0,3579.0,9837.0,167.0,1503.0,1459.0,7759.0,534.0,0.07736098403984955,0.3638304361085697,1.0,0.01697672054488157,0.15279048490393413,0.14831757649689947,0.7887567347768628,0.05428484293992071,1210.0,2511.0,9487.0,84.0,1112.0,1343.0,7318.0,680.0,0.1275429535153368,0.2646779803942237,1.0,0.008854221566353957,0.11721302835459049,0.14156213766206388,0.7713713502687889,0.07167703172762728
carmen de areco,2,127.0,3786.0,1137.0,3623.0,12471.0,9651.0,1628.0,0.01018362601234865,0.3035843156122203,0.09117151792157806,0.290513992462513,1.0,0.773875390906904,0.1305428594338866,803.0,4898.0,12336.0,151.0,403.0,2426.0,9980.0,1135.0,0.0650940337224384,0.3970492866407263,1.0,0.01224059662775616,0.0326686121919585,0.19666018158236057,0.8090142671854734,0.09200713359273671,1162.0,3995.0,11994.0,64.0,397.0,2087.0,9316.0,1225.0,0.09688177422044356,0.33308320827080207,1.0,0.005336001334000333,0.03309988327497082,0.1740036685009171,0.7767216941804236,0.10213440053360014
castelli,2,59.0,2308.0,527.0,2191.0,7007.0,5916.0,692.0,0.008420151277294135,0.3293849008134722,0.07521050378193235,0.3126873126873127,1.0,0.8442985585842728,0.09875838447267019,270.0,2693.0,7548.0,101.0,1634.0,723.0,5909.0,650.0,0.03577106518282989,0.3567832538420774,1.0,0.01338102808691044,0.21648118706942238,0.09578696343402225,0.7828563857975622,0.08611552729199788,458.0,2300.0,7559.0,58.0,1792.0,667.0,5312.0,373.0,0.06059002513559995,0.30427305199100413,1.0,0.007672972615425321,0.23706839529038232,0.08823918507739119,0.7027384574679191,0.04934515147506284
chacabuco,2,698.0,12307.0,4036.0,12757.0,39557.0,32820.0,2252.0,0.01764542306039386,0.3111206613241651,0.10202998205121723,0.3224966504032156,1.0,0.8296888034987486,0.056930505346714864,2551.0,16245.0,41645.0,1022.0,1835.0,9939.0,33280.0,1258.0,0.061255853043582664,0.39008284307840074,1.0,0.02454076119582183,0.044062912714611595,0.2386601032536919,0.7991355504862528,0.030207708008164247,3800.0,13783.0,41328.0,580.0,3215.0,7607.0,31521.0,1429.0,0.09194734804490902,0.33350271002710025,1.0,0.014034068912117692,0.07779229578010066,0.18406407278358497,0.7627032520325203,0.03457704219899342
chascomus,2,726.0,7828.0,5365.0,11159.0,35764.0,29566.0,3913.0,0.02029974275808075,0.21887931998657867,0.15001118443127168,0.31201767140140924,1.0,0.8266972374454759,0.10941169891511017,3390.0,14937.0,37466.0,946.0,813.0,7141.0,28976.0,2357.0,0.09048203704692254,0.3986814712005552,1.0,0.02524955960070464,0.021699674371430097,0.19059947685901885,0.7733945443869108,0.06291037207067741,3571.0,12370.0,35837.0,565.0,1135.0,6065.0,26612.0,2651.0,0.09964561765772804,0.34517398219717055,1.0,0.015765828612886123,0.03167117783296593,0.1692384965259369,0.7425844797276557,0.07397382593409046
chivilcoy,2,1202.0,17275.0,11948.0,11263.0,55421.0,46170.0,3543.0,0.02168852961873658,0.31170494938741633,0.2155861496544631,0.20322621389004167,1.0,0.8330777142238501,0.06392883563991988,5006.0,15523.0,57697.0,994.0,14195.0,8173.0,46145.0,2432.0,0.08676360989306203,0.2690434511326412,1.0,0.017227932128186907,0.24602665649860478,0.14165381215661127,0.7997816177617554,0.04215123836594624,5076.0,12476.0,57217.0,775.0,14750.0,7359.0,43742.0,2351.0,0.08871489242707586,0.21804708390862856,1.0,0.013544925459216666,0.25779051680444626,0.1286156212314522,0.7644930702413618,0.041089186780152755
colon,2,445.0,5771.0,1976.0,5204.0,19384.0,15236.0,1857.0,0.022957078002476268,0.29771976888155177,0.10193974411886092,0.26846884028064383,1.0,0.7860090796533223,0.09580066033842344,1195.0,6321.0,20424.0,419.0,743.0,6288.0,15007.0,1199.0,0.05850959655307481,0.30948883666274973,1.0,0.020515080297688993,0.03637877007442225,0.3078730904817861,0.7347728162945554,0.05870544457500979,1752.0,5422.0,20788.0,308.0,1120.0,5140.0,15183.0,1544.0,0.08427939195689821,0.26082355204925917,1.0,0.014816240138541466,0.05387723686742352,0.24725803348085434,0.73037329228401,0.07427361939580528
comuna 01,1,6739.0,30616.0,16130.0,58361.0,177581.0,118485.0,3192.0,0.037948879666180504,0.17240583170496843,0.090831789436933,0.32864439326279277,1.0,0.6672166504299446,0.01797489596296901,,63816.0,177541.0,6905.0,,27984.0,110014.0,1033.0,,0.3594437341233856,1.0,0.03889242484834489,,0.15761993004432778,0.6196540517401614,0.0058183743473338555,,60268.0,176831.0,4366.0,,25944.0,93537.0,1358.0,,0.34082259332356885,1.0,0.02469024096453676,,0.14671635629499352,0.5289626818827016,0.007679648930334613
comuna 02,1,3858.0,13686.0,9022.0,68357.0,145461.0,107651.0,1601.0,0.026522573060820426,0.09408707488605193,0.06202349770728924,0.46993352169997454,1.0,0.7400677844920631,0.011006386591594999,,70499.0,143570.0,4091.0,,12605.0,94039.0,758.0,,0.4910426969422581,1.0,0.028494810893640733,,0.08779689350142787,0.6550045274082329,0.005279654523925611,,68386.0,144225.0,2509.0,,12266.0,85473.0,914.0,,0.4741618998093257,1.0,0.017396429190500953,,0.0850476685734096,0.5926365054602184,0.0063373201594730455
comuna 03,1,7774.0,30075.0,18578.0,48858.0,163967.0,116687.0,3287.0,0.047411979239725066,0.1834210542365232,0.11330328663694524,0.2979745924484805,1.0,0.7116492952850269,0.020046716717388256,,53921.0,159996.0,7796.0,,28254.0,101915.0,983.0,,0.3370146753668842,1.0,0.04872621815545389,,0.17659191479786995,0.6369846746168655,0.006143903597589939,,51646.0,161318.0,5236.0,,26651.0,91351.0,1261.0,,0.3201502622150039,1.0,0.032457630270645556,,0.16520785033288288,0.5662790265190494,0.007816858627059596
comuna 04,1,8005.0,40348.0,21846.0,51936.0,176724.0,129232.0,4124.0,0.04529662071931373,0.22831081234014622,0.12361648672506281,0.2938819854688667,1.0,0.7312645707430796,0.02333582309137412,,57326.0,178221.0,8526.0,,37984.0,115933.0,1184.0,,0.3216568193422773,1.0,0.04783948019593651,,0.21312864365029935,0.650501343837146,0.006643437080927612,,54279.0,176856.0,5654.0,,33627.0,100903.0,1732.0,,0.3069107070158773,1.0,0.03196951191930158,,0.19013773917763604,0.570537612520921,0.009793278147193196
comuna 05,1,8097.0,29532.0,17727.0,48770.0,157450.0,123040.0,2609.0,0.05142584947602413,0.18756430612892983,0.11258812321371864,0.3097491267068911,1.0,0.7814544299777707,0.016570339790409654,,55473.0,159327.0,8725.0,,29212.0,117209.0,915.0,,0.3481707431885368,1.0,0.05476159094189936,,0.18334619995355464,0.73565058025319,0.005742906098777985,,53452.0,159303.0,5696.0,,28038.0,104300.0,1290.0,,0.3355366816695229,1.0,0.03575576103400438,,0.17600421837630176,0.654727155169708,0.008097775936423043
comuna 06,1,7452.0,25533.0,17006.0,57358.0,161249.0,128388.0,2320.0,0.046214240088310626,0.15834516803204982,0.10546421993314688,0.3557107330898176,1.0,0.7962095888966754,0.014387686125185272,,63580.0,161368.0,7672.0,,24977.0,120771.0,931.0,,0.39400624659164146,1.0,0.04754350304893164,,0.15478285657627286,0.7484197610430816,0.0057694214466313025,,62162.0,161704.0,4910.0,,24729.0,106001.0,1339.0,,0.3844184435759165,1.0,0.030364122099638846,,0.15292757136496316,0.6555249097115717,0.008280562014545094
comuna 07,1,7624.0,31901.0,22077.0,53883.0,171726.0,130480.0,3076.0,0.04439630574286946,0.18576686116254965,0.12855944935536845,0.313773103665141,1.0,0.7598150542142715,0.017912255569919523,,62149.0,174465.0,8020.0,,31338.0,124042.0,1160.0,,0.35622617717020605,1.0,0.045969105551256696,,0.17962342017023472,0.7109850113203221,0.006648898059782764,,59512.0,174093.0,5230.0,,29028.0,108419.0,1575.0,,0.3418402807694738,1.0,0.03004141464619485,,0.16673846737088796,0.6227648440775907,0.009046888731884683
comuna 08,1,5145.0,35825.0,21175.0,36344.0,137805.0,103992.0,3592.0,0.03733536518994231,0.2599687964877907,0.1536591560538442,0.2637349878451435,1.0,0.7546315445738544,0.026065817640869345,,42313.0,139147.0,6109.0,,33223.0,90185.0,1011.0,,0.304088481965116,1.0,0.04390321027402675,,0.23876188491307754,0.6481275198171718,0.00726569742789999,,39453.0,136358.0,4002.0,,28749.0,74355.0,1461.0,,0.2893339591369777,1.0,0.029349213100808166,,0.21083471450153274,0.5452925387582687,0.010714442863638363
comuna 09,1,6229.0,29775.0,23216.0,44210.0,145763.0,110073.0,3240.0,0.042733752735605056,0.20426994504778304,0.15927224329905396,0.30330056324307264,1.0,0.7551504840048572,0.022227863037945158,,52139.0,147029.0,6311.0,,29179.0,101863.0,982.0,,0.354617116351196,1.0,0.042923504886791045,,0.19845744717028613,0.6928089016452537,0.006678954491970972,,49679.0,146337.0,4070.0,,26993.0,83787.0,1383.0,,0.33948352091405454,1.0,0.027812514948372592,,0.18445779262934187,0.5725619631398757,0.009450788249041596
comuna 10,1,7099.0,26596.0,20858.0,48427.0,149400.0,112424.0,2729.0,0.04751673360107095,0.17801874163319947,0.13961178045515396,0.32414323962516733,1.0,0.7525033467202142,0.01826639892904953,,54978.0,149563.0,6727.0,,26286.0,108876.0,963.0,,0.3675909148653076,1.0,0.044977701704298524,,0.1757520242305918,0.727960792441981,0.0064387582490321804,,52713.0,147828.0,4380.0,,24530.0,91676.0,1372.0,,0.356583326568715,1.0,0.02962902833022161,,0.16593608788592148,0.6201531509592229,0.009281056362800012
comuna 11,1,7430.0,28436.0,21023.0,61448.0,172852.0,132378.0,2910.0,0.042984749959502924,0.16451067965658484,0.12162427973063661,0.35549487422766296,1.0,0.7658459259944924,0.016835211626131025,,68102.0,173370.0,7396.0,,27771.0,122578.0,1039.0,,0.3928130587760281,1.0,0.04266020649477995,,0.16018342273749783,0.7070312049374171,0.00599296302705197,,65663.0,172312.0,4752.0,,26434.0,109070.0,1414.0,,0.38107038395468684,1.0,0.02757788198152189,,0.15340777194855842,0.6329797112215052,0.008206044848878777
comuna 12,1,8375.0,30548.0,20360.0,69919.0,186939.0,148347.0,3114.0,0.044800710392160006,0.16341159415638257,0.10891253296529885,0.37402040237724604,1.0,0.7935583265129267,0.01665784025805209,,76312.0,188519.0,8358.0,,29849.0,133482.0,1112.0,,0.4047973944270869,1.0,0.04433505376115935,,0.15833417321331006,0.7080559519199656,0.005898609689209045,,72240.0,186785.0,5414.0,,28375.0,116958.0,1597.0,,0.38675482506625264,1.0,0.028985196884118103,,0.15191262681692855,0.6261637711807694,0.008549937093449688
comuna 13,1,7368.0,24641.0,16200.0,96096.0,217133.0,165160.0,2586.0,0.033933119332390745,0.11348344102462546,0.07460864999792753,0.44256745865437314,1.0,0.7606397922010933,0.01190975116633584,,102109.0,218843.0,8082.0,,23677.0,153534.0,1357.0,,0.466585634450268,1.0,0.03693058493988841,,0.10819171734988096,0.7015714461965884,0.00620079234885283,,98649.0,218130.0,4931.0,,23323.0,128676.0,1659.0,,0.45224865905652595,1.0,0.02260578554073259,,0.106922477421721,0.5899051024618347,0.007605556319625911
comuna 14,1,6860.0,24978.0,14617.0,91067.0,209538.0,156702.0,2581.0,0.03273869178860159,0.119205108381296,0.06975823001078563,0.4346085196957115,1.0,0.7478452595710563,0.012317574855157536,,95921.0,210920.0,7342.0,,23459.0,141510.0,1133.0,,0.45477432201782664,1.0,0.034809406410013274,,0.11122226436563626,0.6709178835577471,0.005371704911814906,,93045.0,211583.0,4463.0,,23150.0,125305.0,1512.0,,0.43975650217645085,1.0,0.02109337706715568,,0.1094133271576639,0.5922262185525302,0.007146131778072907
comuna 15,1,8255.0,30819.0,17887.0,50569.0,165594.0,121128.0,2795.0,0.04985084000628042,0.1861118156454944,0.10801719869077382,0.30537942195973283,1.0,0.7314757781079024,0.016878630868268175,,56248.0,166707.0,9100.0,,30427.0,114177.0,1011.0,,0.33740634766386535,1.0,0.05458678999682077,,0.18251783068497424,0.6848962551062643,0.006064532383163275,,54177.0,166346.0,5847.0,,29427.0,100064.0,1413.0,,0.3256886249143352,1.0,0.03514962788404891,,0.17690236014091112,0.6015413655873901,0.008494343116155482
coronel de marina l. rosales,2,1092.0,6592.0,6433.0,17364.0,47359.0,35274.0,3643.0,0.02305791929728246,0.13919212821216664,0.1358347938089909,0.3666462551996453,1.0,0.7448214700479318,0.07692307692307693,4255.0,22644.0,49880.0,1219.0,1684.0,5335.0,36541.0,2230.0,0.0853047313552526,0.4539695268644747,1.0,0.024438652766639937,0.03376102646351243,0.10695669607056936,0.7325781876503609,0.044707297514033684,5733.0,17908.0,48824.0,817.0,1393.0,4754.0,33929.0,2865.0,0.11742175979026709,0.3667868261510732,1.0,0.016733573652302148,0.028531050303129607,0.09737014582991971,0.6949246272325086,0.05868015729968868
coronel dorrego,2,175.0,2900.0,985.0,4976.0,13617.0,10962.0,1847.0,0.012851582580597782,0.21296908276419182,0.07233605052507895,0.36542557097745465,1.0,0.8050231328486451,0.1356392744363663,1114.0,5545.0,13765.0,237.0,555.0,2565.0,10522.0,676.0,0.08092989466037051,0.4028332727933164,1.0,0.017217580820922628,0.04031965128950236,0.1863421721758082,0.7644024700326916,0.04911006175081729,1451.0,4657.0,13765.0,150.0,553.0,2430.0,9960.0,835.0,0.1054122775154377,0.3383218307301126,1.0,0.010897203051216855,0.04017435524881947,0.17653468942971304,0.7235742826007991,0.06066109698510715
coronel pringles,2,333.0,4230.0,1706.0,6200.0,19687.0,14922.0,2670.0,0.01691471529435668,0.21486259968507138,0.08665616904556306,0.31492863310814245,1.0,0.7579621069741453,0.1356224919997968,1187.0,7748.0,19583.0,496.0,429.0,3675.0,14948.0,1264.0,0.06061379768166267,0.39564928764744933,1.0,0.025328090690905376,0.021906755859674207,0.18766276872797835,0.763315120257366,0.06454577950262984,1362.0,6885.0,20282.0,469.0,447.0,3899.0,14609.0,1439.0,0.06715314071590572,0.33946356375110937,1.0,0.023123952272951387,0.022039246622621043,0.19223942411990927,0.7202938566216349,0.07094961049206193
coronel suarez,2,582.0,6613.0,3680.0,10632.0,31306.0,25188.0,3298.0,0.018590685491599056,0.21123746246725866,0.1175493515620009,0.3396154091867374,1.0,0.8045742030281735,0.10534721778572798,4135.0,11201.0,33010.0,993.0,685.0,5481.0,25455.0,3390.0,0.1252650711905483,0.3393214177521963,1.0,0.030081793395940623,0.020751287488639806,0.16604059375946684,0.7711299606179945,0.10269615268100575,4110.0,9327.0,33760.0,733.0,697.0,4178.0,24729.0,5247.0,0.12174170616113744,0.27627369668246443,1.0,0.02171208530805687,0.0206457345971564,0.12375592417061611,0.7324940758293839,0.15542061611374408
daireaux,2,105.0,4295.0,1001.0,5298.0,14225.0,11735.0,1460.0,0.007381370826010545,0.30193321616871704,0.07036906854130053,0.3724428822495606,1.0,0.8249560632688928,0.10263620386643234,820.0,5854.0,14471.0,146.0,303.0,3697.0,11809.0,880.0,0.05666505424642388,0.4045332043397139,1.0,0.010089143804851082,0.02093842858130053,0.2554764701817428,0.8160458848731946,0.06081127772786953,1278.0,4850.0,14485.0,90.0,332.0,3216.0,11034.0,905.0,0.08822920262340352,0.33482913358646876,1.0,0.006213324128408699,0.022920262340352087,0.22202278218847082,0.7617535381429065,0.06247842595788747
dolores,2,250.0,4437.0,3401.0,7741.0,22670.0,17786.0,2390.0,0.011027790030877812,0.1957212174680194,0.15002205558006176,0.34146449051610056,1.0,0.7845610939567711,0.10542567269519189,1752.0,10409.0,24046.0,451.0,857.0,4324.0,18349.0,822.0,0.0728603509939283,0.43287864925559344,1.0,0.018755718206770355,0.035640023288696664,0.17982200781834817,0.7630790983947434,0.034184479747151296,2447.0,8171.0,23367.0,261.0,996.0,3741.0,17649.0,906.0,0.10472033209226687,0.3496811743056447,1.0,0.011169598151238927,0.04262421363461292,0.16009757350109127,0.755295930157915,0.03877262806522018
ensenada,2,2565.0,15063.0,7350.0,9787.0,50440.0,40118.0,4143.0,0.05085249801744647,0.29863203806502775,0.1457176843774782,0.1940325138778747,1.0,0.795360824742268,0.08213719270420301,3647.0,14015.0,53049.0,2451.0,1532.0,18448.0,41664.0,1520.0,0.06874776150351562,0.26418971139889535,1.0,0.046202567437651984,0.028878960960621314,0.3477539633169334,0.785387094949952,0.028652755000094253,4797.0,9776.0,48018.0,1877.0,1264.0,14813.0,35556.0,1875.0,0.09990003748594277,0.20359032029655547,1.0,0.039089508101128746,0.02632346203507018,0.3084884834853597,0.7404723228789204,0.0390478570536049
escobar,2,5692.0,44158.0,26231.0,37769.0,162933.0,128089.0,11424.0,0.034934605021696034,0.27101937606255333,0.16099255522208517,0.23180693904856597,1.0,0.7861452253380223,0.07011470972731122,15331.0,49839.0,178618.0,6318.0,5333.0,50585.0,134034.0,7324.0,0.08583121521907086,0.27902563011566583,1.0,0.03537157509321569,0.029857013290933723,0.28320214088165807,0.750394697063006,0.04100370623341432,20641.0,37945.0,168720.0,4447.0,5353.0,40171.0,121323.0,6555.0,0.12233878615457563,0.22489924134660977,1.0,0.02635727833096254,0.03172712185870081,0.238092697961119,0.719078947368421,0.03885135135135135
esteban echeverria,2,7560.0,65474.0,31894.0,46865.0,221245.0,170049.0,12685.0,0.034170263734773665,0.2959343713982237,0.14415693010011527,0.21182399602250898,1.0,0.7686004203484824,0.05733462903116455,16724.0,60321.0,235260.0,9980.0,7938.0,70833.0,174406.0,5989.0,0.07108730765961065,0.25640142820709005,1.0,0.0424211510669047,0.03374139250191278,0.30108390716653916,0.7413329932840261,0.02545694125648219,23825.0,47251.0,231178.0,6478.0,8503.0,61677.0,161893.0,8780.0,0.10305911462163354,0.20439228646324478,1.0,0.028021697566377422,0.03678118160032529,0.2667944181539766,0.7002958759051466,0.0379793925027468
exaltacion de la cruz,2,459.0,5778.0,3731.0,6357.0,23561.0,17597.0,1621.0,0.019481346292602182,0.24523577097746277,0.15835490853529138,0.26981027969950344,1.0,0.7468698272569076,0.06880013581766478,2079.0,9770.0,28055.0,733.0,751.0,5758.0,22140.0,2328.0,0.07410443771163785,0.34824451969345926,1.0,0.026127250044555336,0.02676884690785956,0.2052397077169845,0.7891641418641954,0.08297986098734629,2967.0,7546.0,27246.0,395.0,617.0,5069.0,20714.0,2386.0,0.10889671878440872,0.2769580855905454,1.0,0.014497540923438303,0.02264552594876312,0.18604565807825002,0.7602583865521545,0.08757248770461719
ezeiza,2,4038.0,37411.0,18304.0,22180.0,117465.0,90120.0,8915.0,0.03437619716511301,0.3184863576384455,0.15582513940322648,0.18882220235814923,1.0,0.7672072532243647,0.0758949474311497,10686.0,31464.0,130568.0,5547.0,5155.0,40441.0,99230.0,4071.0,0.08184241161693524,0.2409778812572759,1.0,0.0424836100729122,0.039481343054959865,0.309731327737271,0.7599871331413516,0.031179155688989647,13948.0,22601.0,122651.0,3461.0,4680.0,33801.0,86032.0,5121.0,0.11372104589444848,0.18427081719676155,1.0,0.028218277877881143,0.03815704723157577,0.27558682766548986,0.7014374118433604,0.04175261514378195
florencio varela,2,8814.0,100649.0,46099.0,40390.0,284202.0,216559.0,21333.0,0.031013152616800727,0.35414599475021286,0.16220505133672528,0.14211722647975736,1.0,0.7619897115431982,0.07506280743977875,21459.0,66123.0,319626.0,11752.0,13706.0,111858.0,238285.0,11719.0,0.06713784235325036,0.20687616151376922,1.0,0.036767972567938775,0.042881367598380606,0.34996527191154664,0.7455119420823086,0.03666472689956386,26116.0,49006.0,298047.0,7014.0,11695.0,99083.0,213411.0,12394.0,0.08762376403721561,0.16442373182753056,1.0,0.02353320113941761,0.039238777776659385,0.33244085664341533,0.7160313641808171,0.04158404546933873
florentino ameghino,2,93.0,2896.0,457.0,2911.0,7572.0,6692.0,222.0,0.012282091917591125,0.3824617010036978,0.06035393555203381,0.38444268357105127,1.0,0.8837823560486001,0.029318541996830427,789.0,3357.0,7980.0,135.0,1549.0,688.0,6736.0,156.0,0.09887218045112782,0.4206766917293233,1.0,0.016917293233082706,0.19411027568922307,0.0862155388471178,0.844110275689223,0.019548872180451128,988.0,2669.0,7986.0,107.0,1761.0,402.0,6206.0,194.0,0.12371650388179314,0.3342098672677185,1.0,0.013398447282744804,0.22051089406461308,0.05033809166040571,0.7771099423991986,0.02429251189581768
general alvarado,2,716.0,6959.0,6597.0,7960.0,32862.0,24654.0,2238.0,0.021788083500699898,0.2117643478790092,0.20074858499178383,0.24222506238208266,1.0,0.7502282271316414,0.0681029760817966,5161.0,11950.0,35066.0,863.0,856.0,6388.0,26453.0,1605.0,0.14717960417498432,0.34078594650088406,1.0,0.02461073404437347,0.024411110477385502,0.182170763702732,0.7543774596475218,0.04577083214509781,4897.0,8470.0,31216.0,508.0,655.0,5639.0,22511.0,1659.0,0.1568746796514608,0.27133521271143,1.0,0.01627370579190159,0.02098282931829831,0.18064454126089186,0.7211365966171194,0.05314582265504869
general alvear,2,62.0,1908.0,476.0,2853.0,7895.0,6753.0,1109.0,0.007853071564281191,0.24167194426852437,0.06029132362254592,0.36136795440152,1.0,0.8553514882837239,0.14046865104496517,634.0,3583.0,8462.0,108.0,510.0,1346.0,6714.0,486.0,0.07492318600803592,0.42342235878043016,1.0,0.01276294020326164,0.06026943984873552,0.1590640510517608,0.7934294493027653,0.057433230914677384,713.0,2911.0,8476.0,48.0,867.0,1047.0,6417.0,632.0,0.08411986786219915,0.34344030202925907,1.0,0.005663048607833884,0.10228881547899953,0.12352524775837659,0.7570788107597923,0.07456347333647947
general arenales,2,139.0,4112.0,1018.0,5775.0,14241.0,11889.0,917.0,0.00976055052313742,0.2887437679938207,0.07148374411909277,0.4055192753317885,1.0,0.8348430587739625,0.06439154553753247,908.0,6693.0,14573.0,191.0,356.0,3115.0,11178.0,416.0,0.062307006107184516,0.4592739998627599,1.0,0.013106429698757978,0.024428738077266178,0.21375145817607905,0.7670349276058465,0.028545941123996433,1046.0,5608.0,14222.0,106.0,194.0,3122.0,10862.0,509.0,0.07354802418787794,0.3943186612290817,1.0,0.007453241456897764,0.013640838138095909,0.21951905498523414,0.7637463085360708,0.03578962171283926
general belgrano,2,231.0,4479.0,1529.0,5269.0,15449.0,12812.0,1317.0,0.014952424105120073,0.289921677778497,0.09897080717198524,0.34105767363583406,1.0,0.8293093404103825,0.08524823613178846,1061.0,6654.0,15906.0,271.0,1351.0,2204.0,12435.0,776.0,0.06670438828115177,0.4183327046397586,1.0,0.01703759587577015,0.08493650194895008,0.1385640638752672,0.7817804602036967,0.048786621400729285,1102.0,5356.0,15223.0,197.0,1664.0,2020.0,10851.0,1006.0,0.07239046180122184,0.3518360375747225,1.0,0.012940944623267425,0.10930828351836037,0.13269394994416345,0.7128029954673849,0.06608421467516258
general guido,2,31.0,499.0,275.0,958.0,2457.0,1815.0,312.0,0.012617012617012617,0.20309320309320308,0.11192511192511193,0.3899063899063899,1.0,0.7387057387057387,0.12698412698412698,105.0,1132.0,2452.0,47.0,186.0,373.0,2013.0,139.0,0.042822185970636216,0.46166394779771613,1.0,0.019168026101141926,0.07585644371941272,0.15212071778140293,0.8209624796084829,0.0566884176182708,102.0,1116.0,2461.0,23.0,135.0,287.0,1919.0,201.0,0.04144656643640796,0.4534741974806989,1.0,0.009345794392523364,0.054855749695245835,0.11661926046322633,0.7797643234457537,0.08167411621292157
general juan madariaga,2,387.0,4122.0,2302.0,4882.0,16354.0,12733.0,1323.0,0.02366393542864131,0.25204842851901677,0.14076067017243488,0.29852023969671027,1.0,0.7785862785862786,0.08089763972116913,1120.0,6999.0,17700.0,459.0,879.0,3225.0,12311.0,560.0,0.06327683615819209,0.3954237288135593,1.0,0.02593220338983051,0.049661016949152544,0.18220338983050846,0.6955367231638419,0.031638418079096044,1559.0,5159.0,17352.0,331.0,1177.0,2662.0,12262.0,682.0,0.08984555094513601,0.2973144306131858,1.0,0.019075610880590135,0.06783079760258183,0.15341171046565238,0.7066620562471185,0.03930382664822499
general la madrid,2,91.0,2769.0,547.0,3191.0,9049.0,7742.0,989.0,0.010056359818764505,0.3060006630566913,0.060448668361144875,0.3526356503481048,1.0,0.8555641507348878,0.10929384462371533,605.0,4030.0,9483.0,177.0,178.0,2185.0,7782.0,438.0,0.06379837604133713,0.424971000738163,1.0,0.01866497943688706,0.01877043129811241,0.23041231677739113,0.8206263840556786,0.046187915216703575,861.0,3243.0,9482.0,91.0,146.0,2133.0,7020.0,537.0,0.09080362792659777,0.34201645222526894,1.0,0.009597131406876187,0.015397595443999157,0.2249525416578781,0.7403501371018772,0.056633621598818816
general las heras,2,179.0,3345.0,2451.0,2585.0,11780.0,9296.0,781.0,0.015195246179966045,0.28395585738539897,0.20806451612903226,0.2194397283531409,1.0,0.7891341256366723,0.06629881154499151,2359.0,4031.0,12914.0,301.0,376.0,3249.0,10688.0,440.0,0.18266997057457024,0.3121418615456094,1.0,0.02330803778844665,0.029115688400185843,0.25158742450054206,0.8276289298435806,0.034071550255536626,2476.0,2846.0,12219.0,186.0,404.0,2904.0,9672.0,490.0,0.202635240199689,0.2329159505687863,1.0,0.015222194942302971,0.03306326213274409,0.2376626565185367,0.7915541369997545,0.040101481299615355
general lavalle,2,30.0,470.0,896.0,1146.0,3422.0,2888.0,249.0,0.008766803039158387,0.13734658094681473,0.2618351841028638,0.33489187609585036,1.0,0.8439509059029807,0.0727644652250146,643.0,1618.0,4098.0,50.0,70.0,641.0,3232.0,135.0,0.15690580771107857,0.3948267447535383,1.0,0.012201073694485115,0.01708150317227916,0.15641776476329916,0.7886774036115178,0.03294289897510981,661.0,1287.0,4098.0,27.0,52.0,600.0,2862.0,103.0,0.1612981942410932,0.3140556368960469,1.0,0.006588579795021962,0.01268911664226452,0.14641288433382138,0.698389458272328,0.025134211810639337
general paz,2,156.0,3162.0,1048.0,3238.0,9625.0,8501.0,595.0,0.01620779220779221,0.32851948051948054,0.10888311688311689,0.3364155844155844,1.0,0.8832207792207792,0.06181818181818182,1079.0,4039.0,10515.0,181.0,177.0,3058.0,8908.0,326.0,0.10261531145981931,0.38411792677127915,1.0,0.01721350451735616,0.016833095577746076,0.2908226343319068,0.84717070851165,0.03100332857822159,1238.0,3044.0,10227.0,112.0,175.0,2761.0,8278.0,456.0,0.12105211694534077,0.2976434927153613,1.0,0.010951403148528405,0.017111567419575632,0.26997164368827614,0.8094260291385548,0.04458785567615137
general pinto,2,210.0,2793.0,1202.0,2475.0,9187.0,7003.0,918.0,0.02285838685098509,0.30401654511810167,0.13083705235659082,0.26940241645803853,1.0,0.7622727767497551,0.09992380537716339,2970.0,3080.0,9698.0,219.0,212.0,1019.0,8007.0,427.0,0.30624871107444834,0.3175912559290575,1.0,0.022581975665085584,0.02186017735615591,0.10507321097133429,0.8256341513714168,0.044029696844710246,2698.0,2465.0,9354.0,241.0,245.0,1026.0,7196.0,486.0,0.2884327560401967,0.2635236262561471,1.0,0.025764378875347445,0.026192003420996365,0.10968569595894805,0.7692965576224076,0.05195638229634381
general pueyrredon,2,14994.0,115689.0,64472.0,151658.0,540300.0,389220.0,32033.0,0.027751249305941143,0.21411993337034982,0.1193263002035906,0.2806922080325745,1.0,0.7203775680177679,0.0592874329076439,38655.0,194439.0,562957.0,22210.0,17261.0,110614.0,397503.0,13602.0,0.06866421414068925,0.34538872418319694,1.0,0.0394523915680949,0.03066131160994534,0.19648747595287028,0.7060983343310413,0.024161703291725657,46778.0,155647.0,543725.0,12627.0,17467.0,88723.0,356403.0,22053.0,0.08603246126258679,0.28626051772495287,1.0,0.023223136695940044,0.03212469538829371,0.16317623798795347,0.6554839302956458,0.040559106165800725
general rodriguez,2,1456.0,18022.0,11023.0,15499.0,65875.0,52997.0,5691.0,0.02210246679316888,0.2735787476280835,0.16733206831119546,0.23527893738140418,1.0,0.8045085388994307,0.0863908918406072,6300.0,20489.0,75289.0,2251.0,2628.0,21088.0,57042.0,2609.0,0.08367756245932341,0.2721380281315996,1.0,0.029898125888243966,0.03490549748303205,0.28009403764162094,0.7576405583817025,0.03465313658037695,8841.0,15301.0,73074.0,1299.0,2735.0,17185.0,53225.0,3892.0,0.12098694474094754,0.2093904808823932,1.0,0.01777650053370556,0.037427812901989765,0.23517256479732873,0.7283712401127624,0.05326107781153351
general san martin,2,12217.0,80300.0,54630.0,78633.0,330387.0,249394.0,16329.0,0.03697784719132411,0.24304830395869087,0.16535154228223264,0.23800270591760572,1.0,0.7548541558838574,0.049423857476232416,29776.0,102246.0,349945.0,14890.0,16577.0,86221.0,255181.0,5870.0,0.08508765663175642,0.292177342153767,1.0,0.04254954349969281,0.04737030104730743,0.24638443183928904,0.7292031604966495,0.01677406449584935,40152.0,79365.0,335636.0,9765.0,17725.0,70612.0,235281.0,8668.0,0.11962959873195962,0.23646152379363358,1.0,0.0290940185200634,0.05281018722663838,0.21038267647093875,0.7010004886245814,0.025825596777461296
general viamonte,2,156.0,3773.0,1813.0,4458.0,14230.0,11829.0,1346.0,0.010962754743499649,0.2651440618411806,0.12740688685874912,0.31328179901616304,1.0,0.8312719606465214,0.09458889669711876,1018.0,6311.0,15680.0,237.0,376.0,4076.0,12548.0,423.0,0.0649234693877551,0.4024872448979592,1.0,0.015114795918367348,0.023979591836734693,0.2599489795918367,0.8002551020408163,0.02697704081632653,1349.0,4789.0,14980.0,130.0,432.0,3795.0,11586.0,591.0,0.09005340453938585,0.3196929238985314,1.0,0.008678237650200267,0.02883845126835781,0.25333778371161547,0.7734312416555407,0.03945260347129506
general villegas,2,276.0,3060.0,6373.0,7296.0,23601.0,19260.0,2048.0,0.011694419727977629,0.12965552307105632,0.27003093089275876,0.30913944324393033,1.0,0.816067115800178,0.08677598406847167,4226.0,9739.0,24817.0,420.0,693.0,2979.0,19153.0,919.0,0.17028649715920538,0.39243260668090424,1.0,0.016923882822258936,0.027924406656727244,0.1200386831607366,0.7717693516541081,0.037031067413466574,4871.0,7510.0,24818.0,245.0,1249.0,2692.0,18067.0,993.0,0.196268837134338,0.3026029494721573,1.0,0.00987186719316625,0.05032637601740672,0.10846965911838181,0.7279796921589169,0.040011282133935046
guamini,2,94.0,2944.0,625.0,2933.0,8839.0,7248.0,800.0,0.010634687181807897,0.3330693517366218,0.07070935626202059,0.33182486706641023,1.0,0.8200022626994004,0.09050797601538636,845.0,3726.0,9825.0,132.0,161.0,2444.0,7596.0,499.0,0.08600508905852418,0.37923664122137407,1.0,0.013435114503816794,0.01638676844783715,0.24875318066157762,0.7731297709923665,0.05078880407124682,956.0,3287.0,9833.0,66.0,166.0,2135.0,7501.0,700.0,0.09722363469948134,0.33428251805145937,1.0,0.006712091935319841,0.016881928200955965,0.21712600427133122,0.7628394182853656,0.07118885385945287
hipolito yrigoyen,2,70.0,2035.0,508.0,2372.0,7173.0,5568.0,774.0,0.009758817788930712,0.2837027742924857,0.07082113481109717,0.3306845113620521,1.0,0.7762442492680887,0.10790464240903387,307.0,2893.0,7998.0,90.0,1180.0,1154.0,6197.0,458.0,0.03838459614903726,0.3617154288572143,1.0,0.011252813203300824,0.14753688422105526,0.14428607151787948,0.7748187046761691,0.05726431607901975,430.0,2590.0,8009.0,47.0,1156.0,936.0,5812.0,450.0,0.05368959920089899,0.3233861905356474,1.0,0.005868398052191285,0.14433762017730054,0.11686852291172431,0.7256836059433138,0.05618678986140592
hurlingham,2,5298.0,40264.0,27106.0,32013.0,146145.0,113895.0,7041.0,0.036251667864107565,0.27550720175168497,0.1854733312805775,0.21904957405316638,1.0,0.7793287488453249,0.048178179205583496,12231.0,45176.0,152979.0,7199.0,5786.0,43718.0,117963.0,2524.0,0.07995215029513855,0.29530850639630274,1.0,0.04705874662535381,0.03782218474431131,0.285777786493571,0.7711058380562038,0.016498996594303792,16104.0,36388.0,147035.0,4784.0,6085.0,36829.0,108790.0,4206.0,0.10952494304077261,0.24747849151562554,1.0,0.032536470908287145,0.04138470432210018,0.2504777773999388,0.739891862481722,0.028605434080321013
ituzaingo,2,5370.0,36915.0,23280.0,34279.0,138879.0,112642.0,5898.0,0.038666753072818784,0.26580692545309226,0.16762793510897975,0.2468263740378315,1.0,0.8110801489066022,0.04246862376601214,12474.0,46106.0,144638.0,6606.0,5130.0,38926.0,114578.0,3487.0,0.08624289605774416,0.3187682351802431,1.0,0.04567264480980102,0.03546785768608526,0.2691270620445526,0.7921707988218863,0.024108463889157758,17090.0,37011.0,142528.0,4528.0,5618.0,34958.0,107869.0,3624.0,0.11990626403233048,0.2596752918724742,1.0,0.031769196228109566,0.03941681634485855,0.24527110462505614,0.7568267287831163,0.02542658284687921
jose c. paz,2,6620.0,72456.0,34102.0,29872.0,203933.0,159065.0,15594.0,0.03246164181373294,0.35529316000843414,0.16722158748216326,0.14647948100601668,1.0,0.7799865642147176,0.07646629039929781,15861.0,45264.0,219306.0,8569.0,7254.0,79148.0,164780.0,6439.0,0.07232360263741074,0.2063965418182813,1.0,0.03907325836958405,0.03307707039479084,0.3609021185010898,0.7513702315486125,0.02936080180204828,21421.0,33207.0,208842.0,5825.0,6699.0,66119.0,148274.0,8966.0,0.10257036419877227,0.15900537248254662,1.0,0.027891899139062065,0.032076881087137646,0.31659819384989607,0.7099817086601354,0.04293197728426274
junin,2,1545.0,15685.0,13046.0,22219.0,75964.0,57923.0,6285.0,0.020338581433310514,0.20647938497182877,0.17173924490548154,0.29249381285872256,1.0,0.7625059238586699,0.08273655942288452,6656.0,30570.0,79101.0,2122.0,2614.0,16221.0,59166.0,2350.0,0.0841455860229327,0.38646793340160046,1.0,0.02682646237089291,0.0330463584531169,0.20506693973527515,0.7479804300830584,0.029708853238265002,8935.0,24656.0,78412.0,1269.0,3218.0,13466.0,56698.0,3208.0,0.11394939550068867,0.3144416670917717,1.0,0.016183747385604245,0.0410396367902872,0.17173391827781462,0.7230781002907718,0.040912105290006634
la costa,2,1981.0,15674.0,7893.0,18231.0,65517.0,50240.0,3914.0,0.030236427186837004,0.23923561823648823,0.12047254910939145,0.2782636567608407,1.0,0.7668238777721813,0.05974022009554772,4476.0,22860.0,70210.0,1976.0,1896.0,15522.0,50566.0,2442.0,0.06375160233584959,0.32559464463751603,1.0,0.02814413901153682,0.027004700185158808,0.22107961828799316,0.72021079618288,0.03478137017518872,5698.0,18471.0,69170.0,1261.0,1651.0,13348.0,45976.0,2653.0,0.08237675292756975,0.26703773312129536,1.0,0.018230446725459013,0.02386872921786902,0.19297383258638137,0.6646812201821599,0.03835477808298395
la matanza,2,33320.0,339921.0,144432.0,168096.0,992574.0,753611.0,50092.0,0.033569285514228664,0.3424641386939412,0.14551257639228915,0.16935361998198623,1.0,0.7592491844436787,0.0504667662058446,72338.0,232903.0,1079920.0,43457.0,38934.0,379402.0,809256.0,18335.0,0.06698459145121861,0.2156669012519446,1.0,0.04024094377361286,0.03605267056819023,0.3513241721609008,0.749366619749611,0.01697810948959182,94065.0,178341.0,1027286.0,28427.0,39023.0,327656.0,740641.0,28293.0,0.09156651604324405,0.17360404016018907,1.0,0.027671943353652244,0.037986500351411386,0.3189530471553199,0.7209686494316091,0.027541502561117353
la plata,2,26296.0,112023.0,63605.0,156540.0,531539.0,411253.0,24201.0,0.04947144047755668,0.21075217434656723,0.119661962715812,0.2945033196058991,1.0,0.7737024000120405,0.04553005517939417,36062.0,201129.0,567623.0,27649.0,22986.0,113650.0,418791.0,13229.0,0.0635316046037599,0.35433553608645174,1.0,0.04871014740417495,0.04049518782713174,0.2002209212804978,0.7377977988911655,0.023305961879627853,46935.0,158275.0,533701.0,18877.0,24851.0,94062.0,376629.0,13876.0,0.08794249963931115,0.29656118313437674,1.0,0.03536999181189467,0.046563525269767155,0.17624475127459008,0.7056928879653589,0.025999576541921414
lanus,2,14473.0,101449.0,56722.0,95261.0,378409.0,283133.0,13982.0,0.038246976155429706,0.2680935178603046,0.1498960119870299,0.251740841259061,1.0,0.7482195190917763,0.03694943830617137,30141.0,121382.0,396943.0,17765.0,12771.0,111614.0,299681.0,6040.0,0.0759328165504871,0.3057920154782929,1.0,0.04475453654554936,0.03217338509559307,0.2811839483250744,0.7549723763865341,0.015216290500147377,39917.0,98960.0,389660.0,11347.0,15686.0,94489.0,280635.0,10081.0,0.10244058923163783,0.2539649951239542,1.0,0.029120258687060516,0.04025560745265103,0.2424908894934045,0.7202047939229071,0.025871272391315505
laprida,2,130.0,3110.0,501.0,2896.0,9156.0,7603.0,644.0,0.01419833988641328,0.3396679772826562,0.05471821756225426,0.3162953254696374,1.0,0.8303844473569244,0.07033639143730887,550.0,3219.0,9362.0,165.0,151.0,3079.0,7557.0,322.0,0.0587481307412946,0.34383678701132236,1.0,0.017624439222388377,0.016129032258064516,0.3288827173680837,0.8071993163853878,0.03439436017944884,558.0,2698.0,9376.0,250.0,186.0,2595.0,6802.0,374.0,0.0595136518771331,0.28775597269624575,1.0,0.02666382252559727,0.01983788395904437,0.27677047781569963,0.7254692832764505,0.03988907849829351
las flores,2,462.0,4961.0,2012.0,6019.0,19906.0,16021.0,2105.0,0.02320908268863659,0.2492213402994072,0.1010750527479152,0.3023711443785793,1.0,0.8048327137546468,0.10574701095147192,2801.0,7576.0,21111.0,492.0,610.0,4402.0,16559.0,822.0,0.1326796456823457,0.3588650466581403,1.0,0.023305385817820094,0.028894888920468,0.20851688693098386,0.7843778125148028,0.03893704703708967,3393.0,5434.0,19808.0,307.0,528.0,3748.0,14447.0,792.0,0.17129442649434573,0.2743336025848142,1.0,0.015498788368336026,0.02665589660743134,0.18921647819063006,0.7293517770597738,0.03998384491114701
leandro n. alem,2,249.0,4139.0,1840.0,4108.0,14647.0,10845.0,1289.0,0.01700006827336656,0.28258346419061925,0.1256229944698573,0.28046698982726836,1.0,0.7404246603400013,0.08800436949545982,754.0,5190.0,14395.0,238.0,412.0,4312.0,11640.0,607.0,0.05237929836748871,0.36054185481069817,1.0,0.016533518582841265,0.02862104897533866,0.2995484543244182,0.8086141021187913,0.04216741924279264,1564.0,4236.0,14745.0,208.0,383.0,3812.0,11124.0,707.0,0.10606985418786029,0.28728382502543237,1.0,0.014106476771787047,0.025974906748050187,0.25852831468294335,0.7544252288911495,0.04794845710410309
lincoln,2,494.0,9623.0,3360.0,12708.0,35330.0,28276.0,2981.0,0.013982451174639117,0.272374752335126,0.09510331163317294,0.35969431078403624,1.0,0.8003396546844042,0.0843758845174073,2766.0,15143.0,36691.0,777.0,1739.0,6948.0,27416.0,1035.0,0.07538633452345261,0.41271701507181596,1.0,0.021176855359624977,0.04739581913820828,0.1893652394320133,0.7472132130495217,0.028208552506064157,3480.0,11571.0,36691.0,440.0,1774.0,6209.0,25025.0,2214.0,0.09484614755662152,0.31536344062576654,1.0,0.011992041645090077,0.04834973154179499,0.16922406039628246,0.6820473685644981,0.060341773186885064
loberia,2,178.0,3669.0,1108.0,5506.0,14239.0,11547.0,1101.0,0.012500877870636983,0.25767258936723086,0.0778144532621673,0.3866844581782429,1.0,0.8109417796193553,0.07732284570545685,1156.0,5764.0,14334.0,336.0,345.0,3129.0,11322.0,450.0,0.08064741174829078,0.4021208315892284,1.0,0.023440770196735034,0.024068647969861866,0.218292172457095,0.7898702385935538,0.031393888656341566,1493.0,4798.0,14195.0,287.0,421.0,2836.0,10730.0,618.0,0.10517787953504755,0.3380063402606552,1.0,0.020218386755899966,0.029658330398027476,0.19978865797816134,0.7558999647763297,0.043536456498767175
lobos,2,576.0,6930.0,3473.0,10222.0,29075.0,23278.0,2340.0,0.019810834049871023,0.23834909716251074,0.11944969905417024,0.35157351676698195,1.0,0.8006190885640585,0.08048151332760103,2199.0,13407.0,31260.0,943.0,1459.0,6058.0,24696.0,844.0,0.07034548944337812,0.4288867562380038,1.0,0.03016634676903391,0.046673064619321816,0.19379398592450417,0.7900191938579655,0.026999360204734486,2670.0,10992.0,31274.0,766.0,1539.0,5880.0,22759.0,1085.0,0.08537443243588924,0.3514740679158406,1.0,0.024493189230670846,0.049210206561360874,0.1880156040161156,0.7277291040480911,0.03469335550297371
lomas de zamora,2,18100.0,154128.0,63929.0,100986.0,497657.0,373761.0,23811.0,0.0363704318436192,0.3097072883532232,0.1284599633884382,0.20292289669390765,1.0,0.7510413799062406,0.04784620732753684,34773.0,133766.0,522876.0,21987.0,17894.0,161432.0,387401.0,9711.0,0.06650333922383127,0.2558273854604151,1.0,0.042050122782457025,0.03422226302220794,0.30873859194149283,0.7409041531835464,0.01857228099970165,46137.0,104982.0,477796.0,14370.0,16222.0,131706.0,337567.0,19330.0,0.09656213111872013,0.21972138737034216,1.0,0.030075597116761128,0.03395172835268608,0.27565320764510376,0.7065086354846001,0.04045659653910874
lujan,2,2083.0,16930.0,11963.0,26230.0,81511.0,62671.0,5565.0,0.025554833090012392,0.20770202794714823,0.14676546723755077,0.3217970580657825,1.0,0.7688655518887021,0.06827299382905375,7338.0,33374.0,88570.0,2743.0,3616.0,17661.0,66991.0,3160.0,0.0828497233826352,0.3768093033758609,1.0,0.030969854352489556,0.04082646494298295,0.19940160325166534,0.7563621993903128,0.035677994806367845,8849.0,25054.0,84015.0,1716.0,3335.0,16768.0,61511.0,3790.0,0.10532642980420164,0.2982086532166875,1.0,0.020424924120692734,0.03969529250729036,0.19958340772481103,0.7321430696899364,0.045110992084746775
magdalena,2,282.0,2499.0,2755.0,4161.0,13631.0,11243.0,1129.0,0.020688137334018048,0.1833321106301812,0.20211283104687844,0.30526006896045776,1.0,0.8248110923629961,0.08282591152519991,1635.0,5940.0,14912.0,384.0,492.0,2763.0,11880.0,526.0,0.10964324034334764,0.39833690987124465,1.0,0.02575107296137339,0.03299356223175966,0.18528701716738197,0.7966738197424893,0.03527360515021459,1886.0,4555.0,14843.0,216.0,543.0,2699.0,11082.0,725.0,0.12706326214377148,0.30687866334298997,1.0,0.014552314222192279,0.03658290103078892,0.18183655595230075,0.7466145657885872,0.04884457319948798
maipu,2,162.0,1795.0,1009.0,3868.0,9500.0,7031.0,897.0,0.017052631578947368,0.18894736842105264,0.10621052631578948,0.4071578947368421,1.0,0.7401052631578947,0.09442105263157895,1516.0,3984.0,9871.0,179.0,113.0,1693.0,7981.0,463.0,0.15358119744706716,0.40360652416168574,1.0,0.018133927666903048,0.011447675007598015,0.1715125113970216,0.8085300374835377,0.046905075473609566,1668.0,3347.0,9887.0,84.0,108.0,1552.0,7172.0,454.0,0.16870638211793265,0.33852533630019216,1.0,0.008496004854859917,0.010923434813391322,0.15697380398503086,0.7253969859411348,0.045918883382219076
malvinas argentinas,2,8388.0,77464.0,60527.0,33423.0,243702.0,200427.0,17711.0,0.03441908560454982,0.3178636203231816,0.2483648061977333,0.1371470074106901,1.0,0.8224265701553537,0.07267482417050332,23759.0,62560.0,262533.0,12220.0,7696.0,92203.0,209300.0,8001.0,0.0904990991608674,0.23829385258234204,1.0,0.04654652938868638,0.029314409997981208,0.351205372277009,0.7972331097423943,0.030476168710219288,29538.0,47594.0,242249.0,8246.0,7505.0,74067.0,180893.0,9180.0,0.12193239187777864,0.1964672712787256,1.0,0.0340393561996128,0.030980520043426392,0.3057473921460976,0.7467234126869461,0.03789489327097326
mar chiquita,2,374.0,6568.0,2009.0,6618.0,21168.0,17550.0,1214.0,0.017668178382464098,0.31027966742252455,0.09490740740740741,0.3126417233560091,1.0,0.8290816326530612,0.05735071806500378,1636.0,8338.0,23245.0,644.0,641.0,5559.0,17207.0,684.0,0.0703807270380727,0.3587007958700796,1.0,0.027704882770488277,0.027575822757582275,0.2391482039148204,0.7402452140245214,0.029425682942568296,2495.0,6710.0,23249.0,343.0,722.0,4929.0,16708.0,681.0,0.10731644371800937,0.2886145640672717,1.0,0.014753322723558003,0.031055099144049206,0.21200911867177083,0.7186545657877759,0.02929158243365306
marcos paz,2,1051.0,13138.0,7946.0,6625.0,40876.0,31964.0,2921.0,0.025711909188766025,0.3214110969762208,0.19439279772971915,0.1620755455524024,1.0,0.7819747529112437,0.07146002544280262,3939.0,10333.0,43845.0,1458.0,2312.0,13731.0,32851.0,1402.0,0.0898392062949025,0.2356711141521268,1.0,0.03325350667122819,0.05273121222488311,0.3131713992473486,0.7492530505188733,0.0319762800775459,4636.0,7558.0,42469.0,1033.0,3549.0,11431.0,30819.0,1664.0,0.109161976971438,0.17796510395818127,1.0,0.02432362429065907,0.08356683698697874,0.2691610351079611,0.7256822623560715,0.03918152063858344
mercedes,2,1420.0,14265.0,7718.0,15779.0,51907.0,43356.0,2942.0,0.02735661856782322,0.27481842526056216,0.14868900148342226,0.3039859749166779,1.0,0.835263066638411,0.056678290018687266,4112.0,21665.0,53877.0,1721.0,2154.0,11725.0,42450.0,1198.0,0.07632199268704642,0.4021196428902871,1.0,0.03194312972140245,0.03997995434044212,0.21762533177422647,0.7879057854000779,0.022235833472539303,5722.0,17853.0,53676.0,1311.0,2621.0,10518.0,40199.0,1598.0,0.10660257843356435,0.33260675162083614,1.0,0.024424323720098368,0.048830017139876294,0.1959534987704002,0.7489194425814144,0.029771219912064984
merlo,2,11912.0,131054.0,64084.0,56611.0,373940.0,292175.0,23202.0,0.03185537786810718,0.35046798951703484,0.17137508691233888,0.15139059742204633,1.0,0.7813419265122747,0.06204738728138204,33659.0,85631.0,414137.0,17732.0,15798.0,146427.0,309999.0,8739.0,0.08127503700466271,0.20676974044820917,1.0,0.04281674904681301,0.038146796832932095,0.3535714027000727,0.7485421490955891,0.02110171271825507,44144.0,63250.0,399423.0,11243.0,14719.0,129797.0,289128.0,12723.0,0.11051942426950877,0.15835342481529607,1.0,0.028148103639499978,0.03685065707282755,0.3249612566126638,0.7238641740710976,0.03185344859960493
monte,2,301.0,4157.0,3729.0,4435.0,17951.0,13799.0,1254.0,0.016767868085343435,0.2315748426271517,0.20773215976825804,0.24706144504484429,1.0,0.7687036933875551,0.06985683248844075,1577.0,6942.0,18646.0,413.0,837.0,3734.0,14142.0,671.0,0.08457578032822052,0.37230505202188136,1.0,0.02214952268583074,0.04488898423254317,0.20025742786656656,0.7584468518717151,0.035986270513783114,1995.0,5870.0,18670.0,235.0,1007.0,3403.0,13032.0,789.0,0.1068559185859668,0.31440814140332085,1.0,0.012587038028923407,0.05393679700053562,0.1822710230316015,0.698018211033744,0.042260310658810925
monte hermoso,2,144.0,2333.0,875.0,1905.0,7909.0,6089.0,565.0,0.01820710582880263,0.29498040207358706,0.11063345555696043,0.24086483752686813,1.0,0.7698824124415223,0.07143760273106588,226.0,2159.0,7807.0,141.0,2023.0,812.0,5738.0,215.0,0.028948379659280134,0.2765466888689638,1.0,0.018060714743179197,0.25912642500320227,0.10400922249263482,0.7349814269245549,0.02753938772896119,287.0,1806.0,7807.0,90.0,2047.0,798.0,5287.0,306.0,0.036761880363776096,0.231330856923274,1.0,0.011528115793518636,0.2622005892148072,0.10221596003586525,0.6772127577814782,0.03919559369796337
moreno,2,9604.0,105690.0,57885.0,48413.0,318677.0,247545.0,22913.0,0.030137098064811706,0.33165242549666274,0.18164159948788272,0.1519187139329164,1.0,0.7767896647702847,0.0719003881673293,30647.0,77028.0,351048.0,14060.0,16270.0,113948.0,264254.0,10866.0,0.08730145165333515,0.21942298489095508,1.0,0.04005150292837447,0.046346938310430484,0.32459378774412617,0.7527574576696064,0.030953032063991248,37122.0,54951.0,334320.0,8254.0,18290.0,94837.0,234735.0,14384.0,0.11103732950466619,0.1643664752333094,1.0,0.024688920794448434,0.054708064130174684,0.28367133285474994,0.7021267049533381,0.043024647044747545
moron,2,10363.0,62748.0,39653.0,77995.0,273068.0,212691.0,10027.0,0.03795025414914966,0.2297889170463035,0.14521291399944336,0.28562482605065403,1.0,0.7788939018852447,0.03671979140726852,21994.0,98770.0,279565.0,14047.0,9495.0,65025.0,214321.0,3336.0,0.07867222291774721,0.3532988750380055,1.0,0.05024591776509935,0.0339634789762667,0.2325934934630587,0.7666231466742975,0.011932824209039043,29792.0,81718.0,273295.0,9020.0,10678.0,57450.0,202221.0,4502.0,0.10901040999652391,0.2990102270440367,1.0,0.03300462869792715,0.039071333174774514,0.21021240783768455,0.7399366984394152,0.016473041951005324
navarro,2,126.0,4418.0,1388.0,4335.0,13342.0,11163.0,984.0,0.00944386149003148,0.3311347624044371,0.1040323789536801,0.32491380602608305,1.0,0.8366811572477889,0.07375206116024584,789.0,5685.0,14488.0,205.0,789.0,3713.0,11607.0,588.0,0.05445886250690227,0.3923937051352844,1.0,0.014149641082274986,0.05445886250690227,0.2562810601877416,0.8011457758144671,0.0405853119823302,1004.0,4887.0,13935.0,115.0,855.0,3241.0,11141.0,647.0,0.07204879799067097,0.3506996770721206,1.0,0.008252601363473269,0.061356297093649086,0.23257983494797274,0.7994976677430929,0.04642985288841048
necochea,2,1585.0,13415.0,11416.0,26594.0,79523.0,59815.0,4970.0,0.019931340618437432,0.16869333400399883,0.14355595236598218,0.33441897312727137,1.0,0.7521723275027351,0.06249764219156722,7545.0,33570.0,83406.0,2016.0,1703.0,13173.0,60516.0,3134.0,0.09046111790518668,0.40248902956621824,1.0,0.02417092295518308,0.02041819533366904,0.15793827782173944,0.7255593122796921,0.03757523439560703,8722.0,27717.0,81424.0,1338.0,1842.0,12297.0,56108.0,2661.0,0.10711829436038514,0.3404033208881902,1.0,0.016432501473766948,0.02262232265671055,0.15102426802908234,0.6890842994694439,0.03268078207899391
nueve de julio,2,714.0,9197.0,4433.0,14442.0,39955.0,32223.0,2774.0,0.017870103866850208,0.2301839569515705,0.1109498185458641,0.3614566387185584,1.0,0.8064822925791515,0.06942810661994744,3424.0,17737.0,40656.0,841.0,1244.0,7245.0,31566.0,1173.0,0.08421881149153876,0.4362701692247147,1.0,0.020685753640299096,0.03059818968909878,0.17820247933884298,0.7764167650531287,0.028851829988193623,4663.0,14647.0,40871.0,567.0,1382.0,6820.0,30177.0,1292.0,0.11409067554011401,0.358371461427418,1.0,0.013872917227373932,0.03381370654008955,0.16686648234689633,0.7383474835457904,0.031611656186538134
olavarria,2,2753.0,19405.0,16217.0,25461.0,92959.0,74099.0,9033.0,0.02961520670403081,0.20874794264137952,0.1744532535849138,0.27389494293183014,1.0,0.7971148570875333,0.09717187147021805,10862.0,33400.0,94919.0,2840.0,3442.0,19229.0,73025.0,2475.0,0.11443441249907817,0.35187897049062883,1.0,0.029920247790221136,0.0362624974978666,0.202583255196536,0.7693401742538375,0.02607486383126666,13861.0,24891.0,92379.0,1914.0,3197.0,17742.0,66658.0,4193.0,0.1500449236298293,0.26944435423635243,1.0,0.020718994576689506,0.03460743242511826,0.19205663624849803,0.7215709197977895,0.04538910358414791
patagones,2,363.0,6436.0,2992.0,6617.0,24979.0,18380.0,2031.0,0.014532207053925297,0.257656431402378,0.11978061571720244,0.26490251811521676,1.0,0.7358180871932424,0.08130829897113576,2609.0,8457.0,27104.0,537.0,690.0,6630.0,19322.0,767.0,0.09625885478158205,0.3120203659976387,1.0,0.019812573789846518,0.02545749704840614,0.2446133412042503,0.712883707201889,0.02829840613931523,2901.0,6381.0,25444.0,230.0,569.0,6247.0,17551.0,868.0,0.11401509196667191,0.2507860399308285,1.0,0.00903945920452759,0.02236283603207043,0.24551957239427763,0.689789341298538,0.0341141329979563
pehuajo,2,537.0,9161.0,5135.0,8728.0,33684.0,27075.0,3143.0,0.01594228713929462,0.27196888730554564,0.15244626528915806,0.25911411946324664,1.0,0.8037940862130388,0.09330839567747298,2634.0,12457.0,34501.0,642.0,865.0,9035.0,25870.0,1220.0,0.07634561317063274,0.36106199820295065,1.0,0.018608156285325063,0.025071737051099968,0.2618764673487725,0.7498333381641112,0.03536129387553984,3902.0,9792.0,33590.0,401.0,695.0,7935.0,24148.0,1465.0,0.11616552545400417,0.29151533194403095,1.0,0.011938076808573981,0.020690681750520988,0.23623102113724323,0.7189044358440012,0.04361417088419172
pellegrini,2,32.0,764.0,810.0,2066.0,5149.0,4334.0,590.0,0.006214798990095164,0.14837832588852204,0.15731209943678384,0.40124295979801905,1.0,0.8417168382210138,0.11458535637987959,678.0,2389.0,5134.0,60.0,128.0,524.0,3828.0,270.0,0.1320607713283989,0.46532917802882745,1.0,0.01168679392286716,0.024931827035449942,0.1020646669263732,0.7456174522789248,0.05259057265290222,738.0,1963.0,5136.0,24.0,173.0,487.0,3594.0,312.0,0.14369158878504673,0.3822040498442368,1.0,0.004672897196261682,0.033683800623052956,0.0948208722741433,0.6997663551401869,0.06074766355140187
pergamino,2,2016.0,17878.0,11504.0,29690.0,86356.0,65675.0,6246.0,0.02334522210384918,0.2070267265737181,0.13321598962434572,0.34380934735281854,1.0,0.7605146139237575,0.07232850062531845,6549.0,38075.0,89457.0,2425.0,3194.0,15616.0,67776.0,2068.0,0.07320835708776284,0.42562348390847,1.0,0.0271079960204344,0.0357043048615536,0.17456431581653756,0.7576377477447265,0.023117251864024056,6940.0,29367.0,82976.0,1396.0,3991.0,13222.0,58957.0,3514.0,0.08363864249903587,0.35392161588893173,1.0,0.01682414192055534,0.048098245275742385,0.1593472811415349,0.7105307558812186,0.04234959506363286
pila,2,22.0,946.0,599.0,674.0,3011.0,2628.0,340.0,0.0073065426768515445,0.31418133510461643,0.19893723015609432,0.2238458983726337,1.0,0.872799734307539,0.11291929591497842,202.0,1218.0,3152.0,35.0,46.0,951.0,2648.0,160.0,0.06408629441624365,0.3864213197969543,1.0,0.011104060913705584,0.014593908629441625,0.30171319796954316,0.8401015228426396,0.050761421319796954,366.0,935.0,3164.0,21.0,42.0,830.0,2464.0,173.0,0.11567635903919089,0.29551201011378003,1.0,0.00663716814159292,0.01327433628318584,0.26232616940581543,0.7787610619469026,0.05467762326169406
pilar,2,5715.0,60469.0,28028.0,58961.0,216510.0,174708.0,15515.0,0.026396009422197587,0.27928964020137637,0.12945360491432267,0.27232460394439056,1.0,0.806928086462519,0.07165950764398873,17933.0,74560.0,241085.0,7706.0,7602.0,62384.0,182295.0,7242.0,0.07438455316589584,0.3092685152539561,1.0,0.031963830184374806,0.03153244706223946,0.2587635066470332,0.7561440985544517,0.030039197793309415,22668.0,54630.0,228724.0,4753.0,8668.0,56353.0,162354.0,8719.0,0.0991063465137021,0.23884681974781832,1.0,0.02078050401357094,0.037897203616585926,0.24637991640579912,0.7098249418513143,0.03812017977999685
pinamar,2,493.0,4061.0,2752.0,7330.0,25362.0,17689.0,1969.0,0.019438530084378205,0.16012144152669347,0.10850879268196514,0.28901506190363535,1.0,0.6974607680782273,0.07763583313618799,1880.0,8806.0,27498.0,643.0,909.0,4098.0,18992.0,1000.0,0.06836860862608189,0.32024147210706233,1.0,0.02338351880136737,0.033056949596334276,0.1490290202923849,0.6906684122481636,0.036366281184086115,2497.0,6856.0,27558.0,360.0,965.0,3782.0,16600.0,787.0,0.09060889759779374,0.2487843820306263,1.0,0.013063357282821686,0.035017054938674796,0.1372378256767545,0.6023659191523333,0.02855795050439074
presidente peron,2,1814.0,19352.0,12390.0,7499.0,59376.0,49167.0,5696.0,0.03055106440312584,0.3259229318243061,0.20867016976556185,0.12629682026407976,1.0,0.8280618431689571,0.0959310158986796,7885.0,11920.0,65228.0,2534.0,2999.0,21183.0,50315.0,3002.0,0.12088366958974674,0.1827436070399215,1.0,0.03884834733550009,0.04597718771079904,0.32475317348377997,0.7713711902863801,0.046023180229349356,8926.0,8142.0,61582.0,1653.0,2871.0,16957.0,45167.0,3992.0,0.14494495144685135,0.13221395862427332,1.0,0.026842259101685556,0.0466207658081907,0.27535643532200965,0.7334448377772725,0.06482413692312688
puan,2,271.0,2447.0,1113.0,6116.0,14299.0,11025.0,1170.0,0.018952374291908526,0.1711308483110707,0.07783761102174977,0.4277222183369466,1.0,0.7710329393663893,0.08182390376949437,1116.0,6853.0,14433.0,543.0,397.0,1549.0,10388.0,345.0,0.07732280191228434,0.47481466084667084,1.0,0.03762211598420287,0.027506408923993624,0.10732349476893231,0.7197394859003672,0.023903554354604034,1263.0,5569.0,14433.0,399.0,425.0,1416.0,9669.0,433.0,0.08750779463728954,0.38585186724866627,1.0,0.027644980253585534,0.02944640753828033,0.09810850135107047,0.6699230929120765,0.03000069285664796
punta indio,2,144.0,2575.0,617.0,2629.0,8723.0,6595.0,923.0,0.016508082081852574,0.2951966066720165,0.07073254614238221,0.30138713745271123,1.0,0.7560472314570675,0.10581222056631892,411.0,3719.0,9521.0,256.0,154.0,2470.0,7535.0,370.0,0.04316773448167209,0.3906102300178553,1.0,0.026887931939922276,0.016174771557609494,0.25942653082659384,0.7914084654973217,0.03886146413191892,516.0,3263.0,9521.0,169.0,174.0,2285.0,7141.0,320.0,0.05419598781640584,0.34271610124986873,1.0,0.017750236319714317,0.018275391240415922,0.2399957987606344,0.750026257746035,0.033609914924902846
quilmes,2,15413.0,125031.0,60153.0,109206.0,445232.0,337449.0,24371.0,0.034617907068674306,0.28082213318000504,0.13510484421604915,0.2452788658497143,1.0,0.7579172206849463,0.05473775469867395,31492.0,139352.0,475649.0,20186.0,16521.0,138845.0,353556.0,8999.0,0.06620848566905428,0.29297233884650237,1.0,0.042438857224550035,0.03473359557152438,0.2919064267979119,0.743312821008769,0.01891941326482343,43133.0,108869.0,457884.0,13383.0,18927.0,116597.0,321139.0,14121.0,0.09420071459146859,0.2377654602475736,1.0,0.02922792672379904,0.04133579683937416,0.2546430973783753,0.701354491530606,0.030839688654768455
ramallo,2,495.0,7278.0,3647.0,7177.0,26036.0,21360.0,2591.0,0.019012137041020127,0.27953602703948377,0.1400752803810109,0.2756567829159625,1.0,0.8204025195882624,0.0995160546935013,3252.0,9963.0,27720.0,741.0,732.0,6606.0,20983.0,1268.0,0.11731601731601732,0.3594155844155844,1.0,0.02673160173160173,0.026406926406926406,0.2383116883116883,0.756962481962482,0.045743145743145745,4986.0,7549.0,27378.0,475.0,602.0,5078.0,19891.0,1880.0,0.18211702827087442,0.2757323398349039,1.0,0.017349696836876323,0.021988457885893785,0.18547739060559573,0.7265322521732778,0.06866827379647893
rauch,2,214.0,3750.0,645.0,4310.0,12274.0,10128.0,1490.0,0.017435228939221118,0.3055238715985009,0.052550105914942156,0.3511487697572104,1.0,0.8251588724132313,0.1213948183151377,756.0,5774.0,13547.0,261.0,217.0,3535.0,10963.0,711.0,0.0558057134420905,0.4262198272680298,1.0,0.019266258212150292,0.016018306636155607,0.26094338229866393,0.8092566619915849,0.05248394478482321,1005.0,4338.0,13227.0,122.0,197.0,3376.0,10044.0,770.0,0.07598094806078476,0.3279655250623724,1.0,0.009223557874045513,0.014893777878581689,0.25523550313752175,0.7593558630074847,0.05821425871323807
rivadavia,2,104.0,1141.0,2869.0,5567.0,13233.0,10426.0,1302.0,0.007859140028716089,0.08622383435351016,0.21680646867679287,0.42069069749867755,1.0,0.7878787878787878,0.09839038766719564,2313.0,5596.0,13976.0,178.0,490.0,1714.0,11121.0,730.0,0.16549799656554093,0.4004006868918145,1.0,0.012736119061247853,0.03506010303377218,0.12263880938752146,0.7957212364052662,0.05223239839725243,2657.0,4480.0,13976.0,94.0,481.0,1614.0,10543.0,904.0,0.1901116199198626,0.32054951345163135,1.0,0.0067258156840297656,0.03441614195764167,0.1154836863194047,0.7543646250715512,0.06468231253577561
rojas,2,355.0,3133.0,3354.0,7230.0,19766.0,16187.0,1980.0,0.017960133562683396,0.15850450268137206,0.16968531822321156,0.365779621572397,1.0,0.8189314985328342,0.10017201254679753,1902.0,8883.0,20344.0,364.0,589.0,3642.0,15888.0,873.0,0.09349193865513174,0.4366397955171058,1.0,0.017892253244199765,0.02895202516712544,0.17902084152575698,0.7809673613841919,0.042911915060951634,2817.0,6693.0,20012.0,200.0,531.0,3317.0,14844.0,919.0,0.14076554067559463,0.33444933040175895,1.0,0.009994003597841295,0.02653407955226864,0.1657505496701979,0.7417549470317809,0.04592244653208075
roque perez,2,126.0,2505.0,1432.0,2735.0,9682.0,7703.0,920.0,0.013013840115678578,0.25872753563313367,0.14790332575914067,0.2824829580665152,1.0,0.7956000826275563,0.09502168973352614,1185.0,4000.0,10286.0,148.0,229.0,2215.0,8057.0,348.0,0.1152051331907447,0.38887808671981333,1.0,0.014388489208633094,0.022263270464709314,0.21534124052109663,0.783297686175384,0.03383239354462376,1530.0,3717.0,10650.0,71.0,213.0,2101.0,7886.0,435.0,0.14366197183098592,0.34901408450704224,1.0,0.006666666666666667,0.02,0.19727699530516432,0.7404694835680751,0.04084507042253521
saavedra,2,300.0,4015.0,1953.0,5215.0,17678.0,13754.0,1194.0,0.01697024550288494,0.22711845231361014,0.11047629822378097,0.2949994343251499,1.0,0.778029188822265,0.06754157710148206,1641.0,7281.0,18253.0,414.0,430.0,3248.0,13750.0,432.0,0.08990302963896346,0.3988933326028598,1.0,0.02268120308990303,0.0235577713252616,0.17794335177778994,0.7533008272612721,0.02366734235468142,1852.0,6567.0,18272.0,268.0,518.0,2973.0,13468.0,516.0,0.10135726795096323,0.3594023642732049,1.0,0.01466725043782837,0.02834938704028021,0.16270796847635727,0.7370840630472855,0.028239929947460597
saladillo,2,513.0,5033.0,2375.0,10398.0,26889.0,21451.0,3291.0,0.0190784335601919,0.18717691249209714,0.08832608129718472,0.38670088140131653,1.0,0.7977611662761724,0.1223920562311726,1728.0,12358.0,27384.0,544.0,580.0,4855.0,20912.0,806.0,0.06310254163014899,0.4512854221443178,1.0,0.0198656149576395,0.021180251241600934,0.1772933099620216,0.7636576102833772,0.029433245690914402,2231.0,10432.0,27410.0,306.0,558.0,4925.0,20320.0,1132.0,0.0813936519518424,0.3805910251732944,1.0,0.011163808828894565,0.020357533746807734,0.1796789492885808,0.7413352790952207,0.04129879605983218
salliquelo,2,48.0,1839.0,570.0,2680.0,7363.0,6103.0,858.0,0.006519081895966318,0.24976232513920957,0.07741409751460003,0.3639820725247861,1.0,0.8288741002308841,0.11652858889039794,374.0,3093.0,7761.0,71.0,116.0,1482.0,6068.0,875.0,0.04818966628011854,0.39853111712408196,1.0,0.00914830563071769,0.01494652750934158,0.19095477386934673,0.7818580079886612,0.1127432031954645,490.0,2731.0,7768.0,35.0,200.0,1285.0,5895.0,992.0,0.06307929969104016,0.35157054582904224,1.0,0.004505664263645726,0.025746652935118436,0.16542224510813594,0.7588825952626158,0.12770339855818744
salto,2,660.0,6245.0,4202.0,7042.0,26670.0,20594.0,2317.0,0.024746906636670417,0.23415823022122234,0.15755530558680164,0.26404199475065615,1.0,0.7721784776902887,0.08687664041994751,2082.0,10130.0,28505.0,702.0,1595.0,5855.0,20657.0,1600.0,0.07303981757586388,0.3553762497807402,1.0,0.02462725837572356,0.05595509559726364,0.20540256095421855,0.7246798807226802,0.05613050342045255,3337.0,7453.0,28178.0,544.0,1863.0,4714.0,20074.0,1928.0,0.11842572219461991,0.264497125416992,1.0,0.01930584143658173,0.06611540918447015,0.16729363333096742,0.7123997444815104,0.06842217332670877
san andres de giles,2,253.0,3723.0,4157.0,4392.0,18564.0,15048.0,2446.0,0.013628528334410688,0.20054945054945056,0.22392803275156217,0.2365869424692954,1.0,0.81060116354234,0.13176039646627882,2363.0,6546.0,19324.0,299.0,536.0,4038.0,15155.0,1610.0,0.12228317118608983,0.33874974125439866,1.0,0.015472986959221693,0.027737528462016145,0.2089629476298903,0.7842579176154005,0.08331608362657834,2388.0,5830.0,19057.0,177.0,640.0,3422.0,14683.0,1355.0,0.12530828566930788,0.30592433226635884,1.0,0.009287925696594427,0.03358346014587815,0.17956656346749225,0.770478039565514,0.0711024820276014
san antonio de areco,2,486.0,6043.0,1571.0,6718.0,19532.0,16336.0,1446.0,0.024882244521810364,0.3093897194347737,0.08043211140692197,0.3439483923817325,1.0,0.8363710833503993,0.07403235715748516,1199.0,8681.0,19856.0,652.0,470.0,4891.0,16601.0,463.0,0.06038477034649476,0.43719782433521354,1.0,0.03283642224012893,0.023670427074939566,0.24632352941176472,0.8360697018533441,0.023317888799355358,1777.0,6505.0,18376.0,562.0,696.0,3812.0,14364.0,545.0,0.0967022202873313,0.3539943404440575,1.0,0.030583369612538092,0.037875489769264255,0.20744449281671745,0.781671745755333,0.029658249891162385
san cayetano,2,61.0,1360.0,593.0,2927.0,7082.0,5749.0,718.0,0.00861338604913866,0.19203614798079638,0.08373340864162666,0.41330132730866986,1.0,0.8117763343688223,0.10138378988986162,967.0,3177.0,7196.0,63.0,71.0,936.0,5397.0,422.0,0.13438021122846025,0.4414952751528627,1.0,0.008754863813229572,0.009866592551417454,0.13007226236798222,0.75,0.058643690939410784,993.0,2481.0,6499.0,33.0,47.0,823.0,4625.0,289.0,0.1527927373442068,0.38175103862132637,1.0,0.005077704262194184,0.007231881827973534,0.1266348669026004,0.7116479458378212,0.04446837975073088
san fernando,2,3834.0,26483.0,31701.0,26503.0,127642.0,98254.0,7887.0,0.030037135112267122,0.20747872957177105,0.24835869071308816,0.20763541780918507,1.0,0.7697623039438429,0.06179000642421773,20724.0,37550.0,134519.0,4876.0,3556.0,28650.0,102484.0,5664.0,0.15406002126093712,0.2791427233327634,1.0,0.03624766761572715,0.026434927408024146,0.2129810658717356,0.7618552026107837,0.04210557616396197,25517.0,28682.0,127355.0,3279.0,3830.0,23561.0,90930.0,5009.0,0.20036119508460604,0.2252129873189117,1.0,0.025746927878764085,0.030073416826979702,0.1850025519217934,0.7139884574614267,0.03933100388677319
san isidro,2,8788.0,40656.0,32708.0,109775.0,278076.0,214710.0,9794.0,0.03160287115752528,0.1462046347041816,0.11762252046203196,0.3947661790301932,1.0,0.7721270444051267,0.03522058717760612,18269.0,127647.0,285650.0,11084.0,6996.0,42594.0,216460.0,5361.0,0.06395589007526693,0.4468650446350429,1.0,0.038802730614388235,0.024491510589882724,0.14911255032382287,0.7577805006126378,0.018767722737615962,25250.0,111149.0,282522.0,7402.0,7511.0,37078.0,202918.0,6944.0,0.08937357090775232,0.3934171498148817,1.0,0.02619972957858149,0.026585540241113967,0.13123933711356991,0.7182378717409618,0.02457861688647256
san miguel,2,7722.0,58776.0,39650.0,48304.0,220234.0,177514.0,15191.0,0.035062706030858086,0.2668797733320014,0.18003578012477636,0.21933034862918532,1.0,0.8060245012123469,0.06897663394389604,15809.0,77732.0,235303.0,9869.0,7362.0,61939.0,181445.0,5812.0,0.06718571373930635,0.3303485293430173,1.0,0.041941666702082,0.031287318903711385,0.26323081303680784,0.7711121405166955,0.02470006757244914,20524.0,65253.0,232395.0,6514.0,6598.0,58040.0,172190.0,7945.0,0.08831515307988554,0.2807848705867166,1.0,0.028029862948858623,0.028391316508530735,0.2497471976591579,0.7409367671421502,0.03418748251898707
san nicolas,2,3502.0,32282.0,21338.0,27753.0,119736.0,94577.0,9061.0,0.02924767822542928,0.26960980824480524,0.1782087258635665,0.2317849268390459,1.0,0.7898794013496359,0.07567481793278547,11534.0,42103.0,123661.0,3654.0,4635.0,30619.0,95105.0,5224.0,0.093271120240011,0.3404711267093101,1.0,0.029548523786804247,0.037481501847793565,0.2476043376650682,0.7690783674723639,0.04224452333395331,14280.0,33458.0,120238.0,2295.0,5061.0,26819.0,86997.0,5486.0,0.11876445050649545,0.278264774863188,1.0,0.019087143831401053,0.042091518488331474,0.22304928558359255,0.7235399790415675,0.045626174753405746
san pedro,2,853.0,9146.0,5714.0,16113.0,46254.0,35714.0,4775.0,0.018441648289877634,0.19773425001080988,0.12353526181519436,0.34835906083798157,1.0,0.7721278159726727,0.10323431487006529,3374.0,20982.0,48703.0,1067.0,1386.0,9108.0,36604.0,2386.0,0.06927704658850584,0.43081535018376693,1.0,0.021908301336673305,0.028458205860008624,0.18701106708005666,0.751575878282652,0.04899082192062091,5524.0,16415.0,48382.0,684.0,1876.0,7377.0,34438.0,2399.0,0.1141746930676698,0.33927907072878344,1.0,0.014137489148857013,0.038774750940432395,0.15247406060104998,0.7117936422636518,0.04958455623992394
san vicente,2,1115.0,12545.0,8834.0,11502.0,48591.0,38384.0,4018.0,0.02294663620835134,0.2581753822724373,0.18180321458706344,0.23671050194480459,1.0,0.7899405239653434,0.08269021012121586,5622.0,14164.0,54946.0,1380.0,2224.0,13920.0,40356.0,3871.0,0.10231864011938994,0.2577803661777017,1.0,0.02511556801223019,0.04047610381101445,0.253339642558148,0.7344665671750445,0.07045098824300222,6173.0,9119.0,47446.0,742.0,1970.0,10907.0,33504.0,3189.0,0.1301058044935295,0.19219744551700882,1.0,0.015638831513720863,0.041520886903005524,0.22988239261476204,0.7061501496438056,0.06721325296126122
suipacha,2,133.0,2848.0,709.0,3154.0,9053.0,7856.0,765.0,0.014691262564895615,0.3145918480061858,0.07831658013918039,0.3483927979675246,1.0,0.8677786369159395,0.08450237490334696,650.0,3362.0,9227.0,168.0,720.0,2250.0,7441.0,333.0,0.07044543188468624,0.3643654492251002,1.0,0.018207434702503522,0.07803186301072938,0.24384957190852932,0.8064376286983852,0.03608973664246234,707.0,2531.0,8889.0,95.0,604.0,2117.0,7095.0,440.0,0.07953650579367758,0.28473394082573966,1.0,0.010687366407919901,0.06794915063561706,0.23815952300596244,0.7981775227809652,0.04949938125773428
tandil,2,2905.0,21739.0,12268.0,31903.0,100885.0,79604.0,8111.0,0.02879516280913912,0.21548297566536154,0.12160380631412004,0.31623135253010853,1.0,0.7890568469048918,0.08039847350944145,9085.0,42412.0,107423.0,2912.0,2876.0,20586.0,82012.0,3636.0,0.08457220520745092,0.3948130288671886,1.0,0.027107788834793294,0.026772665071725793,0.19163493851409846,0.763449168241438,0.03384750006981745,11145.0,34556.0,104658.0,1865.0,3443.0,18617.0,76418.0,3375.0,0.10648970933898985,0.33018020600431885,1.0,0.017819946874581973,0.03289762846605133,0.17788415601291827,0.7301687400867588,0.03224789313764834
tapalque,2,63.0,2494.0,838.0,2447.0,8108.0,6417.0,834.0,0.007770103601381351,0.30759743463246175,0.10335471139615195,0.30180069067587567,1.0,0.7914405525407006,0.10286137148495313,1100.0,2729.0,8343.0,89.0,129.0,2340.0,6496.0,334.0,0.13184705741340044,0.32710056334651805,1.0,0.010667625554356946,0.015462064005753326,0.28047464940668826,0.7786168045067722,0.04003356106915978,1235.0,2190.0,8359.0,40.0,177.0,2043.0,6413.0,322.0,0.14774494556765164,0.2619930613709774,1.0,0.004785261394903696,0.021174781672448857,0.2444072257447063,0.7671970331379352,0.038521354228974757
tigre,2,11145.0,60497.0,81421.0,55981.0,288933.0,236141.0,14880.0,0.03857295636012501,0.20938072148214293,0.28179889455340856,0.19375080035856063,1.0,0.8172863605057228,0.0514998286800054,53405.0,83146.0,307612.0,12848.0,8082.0,66100.0,238844.0,7608.0,0.17361156261784325,0.2702950470072689,1.0,0.041766901161203074,0.026273357346267377,0.21488108396291433,0.7764456523152543,0.02473245517079958,64382.0,66638.0,305405.0,9077.0,7859.0,58062.0,227939.0,9581.0,0.21080859841849348,0.21819551087899675,1.0,0.029721189895384817,0.02573304300846417,0.19011476563906943,0.7463499287830913,0.03137145757273129
tordillo,2,7.0,572.0,433.0,334.0,1734.0,1541.0,177.0,0.004036908881199538,0.32987312572087657,0.2497116493656286,0.19261822376009227,1.0,0.8886966551326413,0.10207612456747404,199.0,566.0,1515.0,9.0,17.0,417.0,1320.0,93.0,0.13135313531353135,0.3735973597359736,1.0,0.005940594059405941,0.011221122112211221,0.27524752475247527,0.8712871287128713,0.061386138613861385,260.0,397.0,1521.0,6.0,11.0,397.0,1233.0,115.0,0.17094017094017094,0.26101249178172253,1.0,0.0039447731755424065,0.007232084155161078,0.26101249178172253,0.8106508875739645,0.07560815253122946
tornquist,2,276.0,2616.0,1092.0,4127.0,11422.0,9377.0,872.0,0.024163894239187533,0.22903169322360356,0.09560497285939415,0.36132025914901067,1.0,0.8209595517422518,0.07634389774120119,976.0,5101.0,12929.0,385.0,1547.0,1303.0,9704.0,339.0,0.07548921030242091,0.3945394075334519,1.0,0.02977801840822956,0.11965349214943151,0.10078118957382629,0.750560754892103,0.02622012529971382,1097.0,4362.0,12945.0,304.0,1650.0,1282.0,9643.0,417.0,0.0847431440710699,0.33696407879490153,1.0,0.023483970645036694,0.12746234067207415,0.09903437620702975,0.7449208188489764,0.03221320973348783
trenque lauquen,2,474.0,6876.0,5034.0,11537.0,37007.0,28044.0,4413.0,0.012808387602345503,0.1858026859783284,0.13602831896668197,0.31175183073472584,1.0,0.7578025778906693,0.119247709892723,3471.0,14522.0,38458.0,747.0,964.0,7413.0,28323.0,1427.0,0.09025430339591242,0.37760673982006343,1.0,0.019423786988402934,0.025066306100161216,0.19275573352748454,0.7364657548494461,0.037105413698060224,5021.0,11236.0,38112.0,398.0,825.0,7011.0,26972.0,1709.0,0.13174328295549959,0.29481528127623846,1.0,0.010442905121746431,0.021646725440806047,0.18395780856423175,0.7077036104114189,0.04484151973131822
tres arroyos,2,1234.0,10690.0,7795.0,12789.0,50103.0,37355.0,5218.0,0.024629263716743507,0.21336047741652198,0.15557950621719258,0.25525417639662296,1.0,0.7455641378759755,0.10414546035167555,6411.0,16712.0,51115.0,1356.0,995.0,9789.0,37366.0,2751.0,0.12542306563631028,0.3269490364863543,1.0,0.02652841631614986,0.019465910202484595,0.1915093416805243,0.7310182920864717,0.05381981805732172,6984.0,13782.0,51263.0,1132.0,1086.0,9113.0,36137.0,3572.0,0.13623861264459747,0.2688488773579385,1.0,0.022082203538614596,0.0211848701792716,0.1777695413846244,0.7049333827516923,0.06967988607767786
tres de febrero,2,10773.0,68642.0,46866.0,76364.0,289269.0,218966.0,10456.0,0.03724215176876886,0.23729469801465072,0.1620152868091638,0.2639895737185803,1.0,0.7569632418268117,0.03614628598294321,23803.0,97429.0,298043.0,13311.0,11277.0,69723.0,221528.0,4633.0,0.07986431488073868,0.326895783494328,1.0,0.04466134081323836,0.03783682220350755,0.2339360427857725,0.743275299201793,0.015544736833275735,32082.0,77053.0,285401.0,9118.0,13421.0,59133.0,205736.0,6077.0,0.11241025784773004,0.2699815347528565,1.0,0.03194803101600906,0.04702506298155928,0.20719268678105543,0.7208664300405394,0.021292847607401515
tres lomas,2,70.0,2207.0,450.0,1751.0,6405.0,5219.0,900.0,0.01092896174863388,0.3445745511319282,0.0702576112412178,0.27338017174082746,1.0,0.8148321623731459,0.1405152224824356,452.0,2262.0,6580.0,104.0,84.0,2003.0,5331.0,377.0,0.06869300911854104,0.3437689969604863,1.0,0.015805471124620062,0.01276595744680851,0.30440729483282675,0.8101823708206687,0.05729483282674772,540.0,1650.0,6236.0,59.0,85.0,1740.0,4728.0,437.0,0.08659397049390635,0.2645926876202694,1.0,0.00946119307248236,0.013630532392559333,0.27902501603592045,0.7581783194355356,0.07007697241821681
veinticinco de mayo,2,475.0,5837.0,4819.0,8642.0,29447.0,23492.0,3908.0,0.016130675450809928,0.1982205318029001,0.16364994736305905,0.29347641525452506,1.0,0.7977722688219513,0.13271300981424253,2164.0,12198.0,30775.0,655.0,1069.0,6601.0,23290.0,1421.0,0.07031681559707555,0.39636068237205524,1.0,0.021283509341998377,0.034735987002437047,0.2144922826969943,0.756783103168156,0.046173842404549144,2984.0,9878.0,29770.0,479.0,1167.0,5439.0,22220.0,1548.0,0.1002351360429963,0.33181054753107153,1.0,0.0160900235136043,0.039200537453812564,0.182700705408129,0.7463889821968425,0.05199865636546859
vicente lopez,2,9487.0,34242.0,26746.0,92393.0,241980.0,185206.0,5876.0,0.039205719480948836,0.14150756260848005,0.11052979585089677,0.3818208116373254,1.0,0.765377303909414,0.0242829985949252,15778.0,109414.0,245649.0,12385.0,6392.0,34711.0,185282.0,2361.0,0.06422985642115377,0.4454078787212649,1.0,0.0504174655707941,0.02602086717226612,0.1413032416171041,0.7542550549768166,0.009611274623548233,20623.0,94462.0,238554.0,7381.0,6657.0,30523.0,174551.0,3855.0,0.08645002808588412,0.39597743068655317,1.0,0.030940583683358905,0.027905631429361904,0.12795006581319116,0.7317043520544615,0.01615986317563319
villa gesell,2,695.0,7121.0,3189.0,6828.0,28350.0,20816.0,1979.0,0.02451499118165785,0.2511816578483245,0.11248677248677248,0.24084656084656084,1.0,0.7342504409171076,0.06980599647266314,2306.0,8637.0,29546.0,795.0,881.0,6006.0,19902.0,749.0,0.07804778988695593,0.29232383402152573,1.0,0.026907195559466593,0.029817911053949774,0.20327624720774387,0.6735937182698165,0.02535030122520815,3563.0,6596.0,28850.0,487.0,1206.0,4604.0,17709.0,920.0,0.12350086655112652,0.228630849220104,1.0,0.016880415944540726,0.041802426343154245,0.1595840554592721,0.6138301559792028,0.03188908145580589
villarino,2,273.0,4505.0,4157.0,6612.0,25256.0,19609.0,2730.0,0.010809312638580931,0.1783734558124802,0.16459455178967375,0.2617991764333228,1.0,0.7764095660437124,0.10809312638580931,3320.0,7825.0,26003.0,408.0,1330.0,3056.0,19130.0,2056.0,0.12767757566434643,0.3009268161365996,1.0,0.01569049725031727,0.05114794446794601,0.11752490097296465,0.7356843441141406,0.07906779986924585,2302.0,6185.0,25653.0,309.0,1340.0,2971.0,17842.0,2988.0,0.08973609324445483,0.24110240517678244,1.0,0.012045374809963746,0.05223560597201107,0.11581491443495888,0.6955131953377772,0.11647760495848439
zarate,2,2259.0,27504.0,14880.0,18625.0,89330.0,71751.0,7560.0,0.02528825702451584,0.30789208552557934,0.16657337960371657,0.20849658569349602,1.0,0.8032128064480017,0.08463002350833987,8453.0,28602.0,94958.0,2897.0,2602.0,28458.0,70809.0,3464.0,0.08901830282861897,0.30120684934392045,1.0,0.03050822468880979,0.027401588070515386,0.29969038943532933,0.7456875671349439,0.03647928557888751,10834.0,22504.0,92559.0,2011.0,2357.0,26481.0,71045.0,3463.0,0.11704966561868646,0.24313140807484956,1.0,0.021726682440389375,0.025464838643459848,0.2860985965708359,0.7675644723905833,0.0374139737896909
